Position,Name + ID,Name,ID,Roster Position,Salary,Game Info,TeamAbbrev,AvgPointsPerGame
RB,Ezekiel Elliott (13245261),Ezekiel Elliott,13245261,RB/FLEX,9200,NYG@DAL 09/08/2019 04:25PM ET,DAL,23.27
RB,Saquon Barkley (13245263),Saquon Barkley,13245263,RB/FLEX,9000,NYG@DAL 09/08/2019 04:25PM ET,NYG,25.42
RB,Christian McCaffrey (13245265),Christian McCaffrey,13245265,RB/FLEX,8800,LAR@CAR 09/08/2019 01:00PM ET,CAR,25.28
RB,Alvin Kamara (13245267),Alvin Kamara,13245267,RB/FLEX,8500,HOU@NO 09/09/2019 07:10PM ET,NO,23.52
WR,DeAndre Hopkins (13245721),DeAndre Hopkins,13245721,WR/FLEX,8200,HOU@NO 09/09/2019 07:10PM ET,HOU,21.48
WR,Odell Beckham Jr. (13245723),Odell Beckham Jr.,13245723,WR/FLEX,8100,TEN@CLE 09/08/2019 01:00PM ET,CLE,20.53
WR,Julio Jones (13245725),Julio Jones,13245725,WR/FLEX,8000,ATL@MIN 09/08/2019 01:00PM ET,ATL,22.37
WR,Michael Thomas (13245727),Michael Thomas,13245727,WR/FLEX,8000,HOU@NO 09/09/2019 07:10PM ET,NO,20.84
RB,Todd Gurley II (13245269),Todd Gurley II,13245269,RB/FLEX,7900,LAR@CAR 09/08/2019 01:00PM ET,LAR,25.09
WR,Mike Evans (13245729),Mike Evans,13245729,WR/FLEX,7900,SF@TB 09/08/2019 04:25PM ET,TB,19.71
WR,Davante Adams (13245731),Davante Adams,13245731,WR/FLEX,7700,GB@CHI 09/05/2019 08:20PM ET,GB,22.97
RB,David Johnson (13245271),David Johnson,13245271,RB/FLEX,7700,DET@ARI 09/08/2019 04:25PM ET,ARI,15.72
WR,Tyreek Hill (13245733),Tyreek Hill,13245733,WR/FLEX,7600,KC@JAX 09/08/2019 01:00PM ET,KC,21.22
RB,Melvin Gordon III (13245273),Melvin Gordon III,13245273,RB/FLEX,7500,IND@LAC 09/08/2019 04:05PM ET,LAC,22.03
WR,JuJu Smith-Schuster (13245735),JuJu Smith-Schuster,13245735,WR/FLEX,7500,PIT@NE 09/08/2019 08:20PM ET,PIT,20.12
WR,Antonio Brown (13245737),Antonio Brown,13245737,WR/FLEX,7400,DEN@OAK 09/09/2019 10:20PM ET,OAK,22.58
WR,Keenan Allen (13245739),Keenan Allen,13245739,WR/FLEX,7300,IND@LAC 09/08/2019 04:05PM ET,LAC,16.41
RB,James Conner (13245275),James Conner,13245275,RB/FLEX,7300,PIT@NE 09/08/2019 08:20PM ET,PIT,22.85
QB,Patrick Mahomes (13245138),Patrick Mahomes,13245138,QB,7200,KC@JAX 09/08/2019 01:00PM ET,KC,27.99
WR,A.J. Green (13245741),A.J. Green,13245741,WR/FLEX,7200,CIN@SEA 09/08/2019 04:05PM ET,CIN,17.38
TE,Travis Kelce (13246439),Travis Kelce,13246439,TE/FLEX,7100,KC@JAX 09/08/2019 01:00PM ET,KC,19.04
RB,Le'Veon Bell (13245277),Le'Veon Bell,13245277,RB/FLEX,7100,BUF@NYJ 09/08/2019 01:00PM ET,NYJ,0
WR,Amari Cooper (13245743),Amari Cooper,13245743,WR/FLEX,7000,NYG@DAL 09/08/2019 04:25PM ET,DAL,15.92
WR,Julian Edelman (13245745),Julian Edelman,13245745,WR/FLEX,6900,PIT@NE 09/08/2019 08:20PM ET,NE,19.05
WR,Adam Thielen (13245747),Adam Thielen,13245747,WR/FLEX,6800,ATL@MIN 09/08/2019 01:00PM ET,MIN,20.96
QB,Deshaun Watson (13245139),Deshaun Watson,13245139,QB,6800,HOU@NO 09/09/2019 07:10PM ET,HOU,22.28
WR,Stefon Diggs (13245749),Stefon Diggs,13245749,WR/FLEX,6700,ATL@MIN 09/08/2019 01:00PM ET,MIN,18.55
RB,Joe Mixon (13245279),Joe Mixon,13245279,RB/FLEX,6700,CIN@SEA 09/08/2019 04:05PM ET,CIN,18.24
WR,T.Y. Hilton (13245751),T.Y. Hilton,13245751,WR/FLEX,6600,IND@LAC 09/08/2019 04:05PM ET,IND,17.72
QB,Jameis Winston (13245140),Jameis Winston,13245140,QB,6600,SF@TB 09/08/2019 04:25PM ET,TB,20.71
TE,George Kittle (13246441),George Kittle,13246441,TE/FLEX,6600,SF@TB 09/08/2019 04:25PM ET,SF,16.92
QB,Aaron Rodgers (13245141),Aaron Rodgers,13245141,QB,6500,GB@CHI 09/05/2019 08:20PM ET,GB,20.60
QB,Cam Newton (13245142),Cam Newton,13245142,QB,6500,LAR@CAR 09/08/2019 01:00PM ET,CAR,21.76
WR,Brandin Cooks (13245753),Brandin Cooks,13245753,WR/FLEX,6500,LAR@CAR 09/08/2019 01:00PM ET,LAR,16.47
WR,Robert Woods (13245755),Robert Woods,13245755,WR/FLEX,6400,LAR@CAR 09/08/2019 01:00PM ET,LAR,16.31
QB,Baker Mayfield (13245143),Baker Mayfield,13245143,QB,6400,TEN@CLE 09/08/2019 01:00PM ET,CLE,19.01
RB,Nick Chubb (13245281),Nick Chubb,13245281,RB/FLEX,6400,TEN@CLE 09/08/2019 01:00PM ET,CLE,12.91
QB,Drew Brees (13245144),Drew Brees,13245144,QB,6400,HOU@NO 09/09/2019 07:10PM ET,NO,21.63
RB,Damien Williams (13245283),Damien Williams,13245283,RB/FLEX,6300,KC@JAX 09/08/2019 01:00PM ET,KC,9.14
QB,Russell Wilson (13245145),Russell Wilson,13245145,QB,6300,CIN@SEA 09/08/2019 04:05PM ET,SEA,19.54
WR,Kenny Golladay (13245757),Kenny Golladay,13245757,WR/FLEX,6300,DET@ARI 09/08/2019 04:25PM ET,DET,14.41
QB,Ben Roethlisberger (13245146),Ben Roethlisberger,13245146,QB,6300,PIT@NE 09/08/2019 08:20PM ET,PIT,23.99
QB,Jared Goff (13245147),Jared Goff,13245147,QB,6200,LAR@CAR 09/08/2019 01:00PM ET,LAR,20.21
WR,Chris Godwin (13245759),Chris Godwin,13245759,WR/FLEX,6200,SF@TB 09/08/2019 04:25PM ET,TB,12.2
RB,Leonard Fournette (13245285),Leonard Fournette,13245285,RB/FLEX,6100,KC@JAX 09/08/2019 01:00PM ET,JAX,15.05
QB,Matt Ryan (13245148),Matt Ryan,13245148,QB,6100,ATL@MIN 09/08/2019 01:00PM ET,ATL,24.44
TE,Zach Ertz (13246443),Zach Ertz,13246443,TE/FLEX,6100,WAS@PHI 09/08/2019 01:00PM ET,PHI,17.53
QB,Lamar Jackson (13245149),Lamar Jackson,13245149,QB,6000,BAL@MIA 09/08/2019 01:00PM ET,BAL,10.98
RB,Dalvin Cook (13245287),Dalvin Cook,13245287,RB/FLEX,6000,ATL@MIN 09/08/2019 01:00PM ET,MIN,14.27
WR,Tyler Lockett (13245761),Tyler Lockett,13245761,WR/FLEX,6000,CIN@SEA 09/08/2019 04:05PM ET,SEA,14.38
QB,Tom Brady (13245150),Tom Brady,13245150,QB,6000,PIT@NE 09/08/2019 08:20PM ET,NE,18.84
RB,Derrick Henry (13245289),Derrick Henry,13245289,RB/FLEX,5900,TEN@CLE 09/08/2019 01:00PM ET,TEN,13.02
WR,Alshon Jeffery (13245763),Alshon Jeffery,13245763,WR/FLEX,5900,WAS@PHI 09/08/2019 01:00PM ET,PHI,14.45
QB,Philip Rivers (13245151),Philip Rivers,13245151,QB,5900,IND@LAC 09/08/2019 04:05PM ET,LAC,19.56
QB,Dak Prescott (13245152),Dak Prescott,13245152,QB,5900,NYG@DAL 09/08/2019 04:25PM ET,DAL,19.43
RB,Sony Michel (13245291),Sony Michel,13245291,RB/FLEX,5900,PIT@NE 09/08/2019 08:20PM ET,NE,14.35
WR,Tyler Boyd (13245765),Tyler Boyd,13245765,WR/FLEX,5800,CIN@SEA 09/08/2019 04:05PM ET,CIN,16.44
RB,Kerryon Johnson (13245293),Kerryon Johnson,13245293,RB/FLEX,5800,DET@ARI 09/08/2019 04:25PM ET,DET,14.64
QB,Jimmy Garoppolo (13245153),Jimmy Garoppolo,13245153,QB,5800,SF@TB 09/08/2019 04:25PM ET,SF,17.01
QB,Mitchell Trubisky (13245155),Mitchell Trubisky,13245155,QB,5700,GB@CHI 09/05/2019 08:20PM ET,CHI,20.67
WR,Cooper Kupp (13245767),Cooper Kupp,13245767,WR/FLEX,5700,LAR@CAR 09/08/2019 01:00PM ET,LAR,17.26
QB,Carson Wentz (13245154),Carson Wentz,13245154,QB,5700,WAS@PHI 09/08/2019 01:00PM ET,PHI,20.15
RB,Chris Carson (13245295),Chris Carson,13245295,RB/FLEX,5700,CIN@SEA 09/08/2019 04:05PM ET,SEA,15.15
WR,Jarvis Landry (13245769),Jarvis Landry,13245769,WR/FLEX,5600,TEN@CLE 09/08/2019 01:00PM ET,CLE,14.38
QB,Josh Allen (13245156),Josh Allen,13245156,QB,5600,BUF@NYJ 09/08/2019 01:00PM ET,BUF,19.00
RB,Marlon Mack (13245297),Marlon Mack,13245297,RB/FLEX,5600,IND@LAC 09/08/2019 04:05PM ET,IND,15.94
QB,Kyler Murray (13245157),Kyler Murray,13245157,QB,5600,DET@ARI 09/08/2019 04:25PM ET,ARI,0
WR,D.J. Moore (13245771),D.J. Moore,13245771,WR/FLEX,5500,LAR@CAR 09/08/2019 01:00PM ET,CAR,10.19
QB,Kirk Cousins (13245158),Kirk Cousins,13245158,QB,5500,ATL@MIN 09/08/2019 01:00PM ET,MIN,19.70
RB,Austin Ekeler (13245299),Austin Ekeler,13245299,RB/FLEX,5500,IND@LAC 09/08/2019 04:05PM ET,LAC,11.44
WR,Josh Gordon (13245773),Josh Gordon,13245773,WR/FLEX,5500,PIT@NE 09/08/2019 08:20PM ET,NE,12.06
RB,Aaron Jones (13245301),Aaron Jones,13245301,RB/FLEX,5400,GB@CHI 09/05/2019 08:20PM ET,GB,14.62
WR,Allen Robinson II (13245775),Allen Robinson II,13245775,WR/FLEX,5400,GB@CHI 09/05/2019 08:20PM ET,CHI,13.61
QB,Matthew Stafford (13245159),Matthew Stafford,13245159,QB,5400,DET@ARI 09/08/2019 04:25PM ET,DET,14.76
WR,Dante Pettis (13245777),Dante Pettis,13245777,WR/FLEX,5400,SF@TB 09/08/2019 04:25PM ET,SF,8.88
QB,Derek Carr (13245160),Derek Carr,13245160,QB,5400,DEN@OAK 09/09/2019 10:20PM ET,OAK,15.36
QB,Nick Foles (13245161),Nick Foles,13245161,QB,5300,KC@JAX 09/08/2019 01:00PM ET,JAX,17.26
RB,Devonta Freeman (13245305),Devonta Freeman,13245305,RB/FLEX,5300,ATL@MIN 09/08/2019 01:00PM ET,ATL,7.05
QB,Jacoby Brissett (13245162),Jacoby Brissett,13245162,QB,5300,IND@LAC 09/08/2019 04:05PM ET,IND,-0.16
WR,Mike Williams (13245779),Mike Williams,13245779,WR/FLEX,5300,IND@LAC 09/08/2019 04:05PM ET,LAC,11.12
RB,Phillip Lindsay (13245307),Phillip Lindsay,13245307,RB/FLEX,5300,DEN@OAK 09/09/2019 10:20PM ET,DEN,15.45
WR,Emmanuel Sanders (13245789),Emmanuel Sanders,13245789,WR/FLEX,5300,DEN@OAK 09/09/2019 10:20PM ET,DEN,17.27
RB,David Montgomery (13245303),David Montgomery,13245303,RB/FLEX,5200,GB@CHI 09/05/2019 08:20PM ET,CHI,0
QB,Marcus Mariota (13245163),Marcus Mariota,13245163,QB,5200,TEN@CLE 09/08/2019 01:00PM ET,TEN,13.71
WR,Robby Anderson (13245781),Robby Anderson,13245781,WR/FLEX,5200,BUF@NYJ 09/08/2019 01:00PM ET,NYJ,11.74
RB,Josh Jacobs (13245309),Josh Jacobs,13245309,RB/FLEX,5200,DEN@OAK 09/09/2019 10:20PM ET,OAK,0
RB,Mark Ingram II (13245311),Mark Ingram II,13245311,RB/FLEX,5100,BAL@MIA 09/08/2019 01:00PM ET,BAL,11.67
WR,Calvin Ridley (13245783),Calvin Ridley,13245783,WR/FLEX,5100,ATL@MIN 09/08/2019 01:00PM ET,ATL,13.18
QB,Sam Darnold (13245164),Sam Darnold,13245164,QB,5100,BUF@NYJ 09/08/2019 01:00PM ET,NYJ,14.72
RB,Duke Johnson Jr. (13245313),Duke Johnson Jr.,13245313,RB/FLEX,5100,HOU@NO 09/09/2019 07:10PM ET,HOU,8.25
QB,Joe Flacco (13245165),Joe Flacco,13245165,QB,5100,DEN@OAK 09/09/2019 10:20PM ET,DEN,16.68
WR,Sammy Watkins (13245785),Sammy Watkins,13245785,WR/FLEX,5000,KC@JAX 09/08/2019 01:00PM ET,KC,12.54
QB,Andy Dalton (13245166),Andy Dalton,13245166,QB,5000,CIN@SEA 09/08/2019 04:05PM ET,CIN,17.41
QB,Eli Manning (13245167),Eli Manning,13245167,QB,5000,NYG@DAL 09/08/2019 04:25PM ET,NYG,16.87
RB,Tony Pollard (13245317),Tony Pollard,13245317,RB/FLEX,5000,NYG@DAL 09/08/2019 04:25PM ET,DAL,0
WR,Sterling Shepard (13245787),Sterling Shepard,13245787,WR/FLEX,5000,NYG@DAL 09/08/2019 04:25PM ET,NYG,11.78
RB,Tevin Coleman (13245315),Tevin Coleman,13245315,RB/FLEX,5000,SF@TB 09/08/2019 04:25PM ET,SF,12.48
TE,O.J. Howard (13246445),O.J. Howard,13246445,TE/FLEX,5000,SF@TB 09/08/2019 04:25PM ET,TB,12.05
WR,Corey Davis (13245791),Corey Davis,13245791,WR/FLEX,4900,TEN@CLE 09/08/2019 01:00PM ET,TEN,11.85
QB,Ryan Fitzpatrick (13245168),Ryan Fitzpatrick,13245168,QB,4900,BAL@MIA 09/08/2019 01:00PM ET,MIA,23.86
QB,Case Keenum (13245169),Case Keenum,13245169,QB,4900,WAS@PHI 09/08/2019 01:00PM ET,WAS,15.06
RB,Rashaad Penny (13245319),Rashaad Penny,13245319,RB/FLEX,4900,CIN@SEA 09/08/2019 04:05PM ET,SEA,5.09
WR,Larry Fitzgerald (13245793),Larry Fitzgerald,13245793,WR/FLEX,4900,DET@ARI 09/08/2019 04:25PM ET,ARI,11.79
WR,Will Fuller V (13245795),Will Fuller V,13245795,WR/FLEX,4900,HOU@NO 09/09/2019 07:10PM ET,HOU,16.47
RB,Tarik Cohen (13245321),Tarik Cohen,13245321,RB/FLEX,4800,GB@CHI 09/05/2019 08:20PM ET,CHI,14.63
RB,Darrell Henderson Jr. (13245323),Darrell Henderson Jr.,13245323,RB/FLEX,4800,LAR@CAR 09/08/2019 01:00PM ET,LAR,0
WR,Dede Westbrook (13245797),Dede Westbrook,13245797,WR/FLEX,4800,KC@JAX 09/08/2019 01:00PM ET,JAX,11.53
QB,Dwayne Haskins Jr. (13245170),Dwayne Haskins Jr.,13245170,QB,4800,WAS@PHI 09/08/2019 01:00PM ET,WAS,0
WR,Marvin Jones Jr. (13245799),Marvin Jones Jr.,13245799,WR/FLEX,4800,DET@ARI 09/08/2019 04:25PM ET,DET,13.2
WR,Golden Tate (13245801),Golden Tate,13245801,WR/FLEX,4800,NYG@DAL 09/08/2019 04:25PM ET,NYG,12.25
TE,Evan Engram (13246447),Evan Engram,13246447,TE/FLEX,4800,NYG@DAL 09/08/2019 04:25PM ET,NYG,11.48
RB,James White (13245325),James White,13245325,RB/FLEX,4800,PIT@NE 09/08/2019 08:20PM ET,NE,16.55
RB,Dion Lewis (13245327),Dion Lewis,13245327,RB/FLEX,4700,TEN@CLE 09/08/2019 01:00PM ET,TEN,10.11
QB,Josh Rosen (13245171),Josh Rosen,13245171,QB,4700,BAL@MIA 09/08/2019 01:00PM ET,MIA,9.42
RB,Kenyan Drake (13245329),Kenyan Drake,13245329,RB/FLEX,4700,BAL@MIA 09/08/2019 01:00PM ET,MIA,12.95
WR,Christian Kirk (13245803),Christian Kirk,13245803,WR/FLEX,4700,DET@ARI 09/08/2019 04:25PM ET,ARI,10.29
WR,Courtland Sutton (13245805),Courtland Sutton,13245805,WR/FLEX,4700,DEN@OAK 09/09/2019 10:20PM ET,DEN,8.52
QB,Chad Henne (13245172),Chad Henne,13245172,QB,4600,KC@JAX 09/08/2019 01:00PM ET,KC,1.46
RB,LeSean McCoy (13245331),LeSean McCoy,13245331,RB/FLEX,4600,KC@JAX 09/08/2019 01:00PM ET,KC,9.3
WR,Mohamed Sanu (13245807),Mohamed Sanu,13245807,WR/FLEX,4600,ATL@MIN 09/08/2019 01:00PM ET,ATL,11.65
QB,Taylor Heinicke (13245173),Taylor Heinicke,13245173,QB,4500,LAR@CAR 09/08/2019 01:00PM ET,CAR,2.82
RB,Kalen Ballage (13245333),Kalen Ballage,13245333,RB/FLEX,4500,BAL@MIA 09/08/2019 01:00PM ET,MIA,3.48
QB,Matt Schaub (13245174),Matt Schaub,13245174,QB,4500,ATL@MIN 09/08/2019 01:00PM ET,ATL,0.37
QB,Josh McCown (13245175),Josh McCown,13245175,QB,4500,WAS@PHI 09/08/2019 01:00PM ET,PHI,6.19
WR,DeSean Jackson (13245809),DeSean Jackson,13245809,WR/FLEX,4500,WAS@PHI 09/08/2019 01:00PM ET,PHI,13.36
QB,Teddy Bridgewater (13245176),Teddy Bridgewater,13245176,QB,4500,HOU@NO 09/09/2019 07:10PM ET,NO,1.64
TE,Jared Cook (13246449),Jared Cook,13246449,TE/FLEX,4500,HOU@NO 09/09/2019 07:10PM ET,NO,12.85
WR,Tyrell Williams (13245811),Tyrell Williams,13245811,WR/FLEX,4500,DEN@OAK 09/09/2019 10:20PM ET,OAK,8.95
WR,Marquez Valdes-Scantling (13245819),Marquez Valdes-Scantling,13245819,WR/FLEX,4400,GB@CHI 09/05/2019 08:20PM ET,GB,7.31
QB,Ryan Tannehill (13245178),Ryan Tannehill,13245178,QB,4400,TEN@CLE 09/08/2019 01:00PM ET,TEN,14.18
WR,Marqise Lee (13245813),Marqise Lee,13245813,WR/FLEX,4400,KC@JAX 09/08/2019 01:00PM ET,JAX,0
RB,Derrius Guice (13245335),Derrius Guice,13245335,RB/FLEX,4400,WAS@PHI 09/08/2019 01:00PM ET,WAS,0
QB,Cooper Rush (13245179),Cooper Rush,13245179,QB,4400,NYG@DAL 09/08/2019 04:25PM ET,DAL,0
QB,Nick Mullens (13245180),Nick Mullens,13245180,QB,4400,SF@TB 09/08/2019 04:25PM ET,SF,17.44
WR,Donte Moncrief (13245815),Donte Moncrief,13245815,WR/FLEX,4400,PIT@NE 09/08/2019 08:20PM ET,PIT,8.42
QB,DeShone Kizer (13245177),DeShone Kizer,13245177,QB,4400,DEN@OAK 09/09/2019 10:20PM ET,OAK,2.79
WR,DaeSean Hamilton (13245817),DaeSean Hamilton,13245817,WR/FLEX,4400,DEN@OAK 09/09/2019 10:20PM ET,DEN,4.74
QB,Chase Daniel (13245181),Chase Daniel,13245181,QB,4300,GB@CHI 09/05/2019 08:20PM ET,CHI,6.54
WR,Anthony Miller (13245821),Anthony Miller,13245821,WR/FLEX,4300,GB@CHI 09/05/2019 08:20PM ET,CHI,8.10
QB,Blake Bortles (13245182),Blake Bortles,13245182,QB,4300,LAR@CAR 09/08/2019 01:00PM ET,LAR,15.40
WR,John Brown (13245823),John Brown,13245823,WR/FLEX,4300,BUF@NYJ 09/08/2019 01:00PM ET,BUF,9.02
QB,Tyrod Taylor (13245183),Tyrod Taylor,13245183,QB,4300,IND@LAC 09/08/2019 04:05PM ET,LAC,10.86
QB,Daniel Jones (13245184),Daniel Jones,13245184,QB,4300,NYG@DAL 09/08/2019 04:25PM ET,NYG,0
WR,Michael Gallup (13245825),Michael Gallup,13245825,WR/FLEX,4300,NYG@DAL 09/08/2019 04:25PM ET,DAL,7.13
RB,Jerick McKinnon (13245337),Jerick McKinnon,13245337,RB/FLEX,4300,SF@TB 09/08/2019 04:25PM ET,SF,0
QB,Taysom Hill (13245185),Taysom Hill,13245185,QB,4300,HOU@NO 09/09/2019 07:10PM ET,NO,2.42
WR,Curtis Samuel (13245827),Curtis Samuel,13245827,WR/FLEX,4200,LAR@CAR 09/08/2019 01:00PM ET,CAR,10.6
QB,Matt Barkley (13245186),Matt Barkley,13245186,QB,4200,BUF@NYJ 09/08/2019 01:00PM ET,BUF,17.08
RB,Jordan Howard (13245339),Jordan Howard,13245339,RB/FLEX,4200,WAS@PHI 09/08/2019 01:00PM ET,PHI,11.21
WR,Randall Cobb (13245829),Randall Cobb,13245829,WR/FLEX,4200,NYG@DAL 09/08/2019 04:25PM ET,DAL,10.03
QB,Jarrett Stidham (13245187),Jarrett Stidham,13245187,QB,4200,PIT@NE 09/08/2019 08:20PM ET,NE,0
QB,AJ McCarron (13245188),AJ McCarron,13245188,QB,4200,HOU@NO 09/09/2019 07:10PM ET,HOU,0.06
WR,Ted Ginn Jr. (13245831),Ted Ginn Jr.,13245831,WR/FLEX,4200,HOU@NO 09/09/2019 07:10PM ET,NO,9.96
QB,Drew Lock (13245189),Drew Lock,13245189,QB,4200,DEN@OAK 09/09/2019 10:20PM ET,DEN,0
RB,Royce Freeman (13245341),Royce Freeman,13245341,RB/FLEX,4200,DEN@OAK 09/09/2019 10:20PM ET,DEN,7.31
WR,Geronimo Allison (13245833),Geronimo Allison,13245833,WR/FLEX,4100,GB@CHI 09/05/2019 08:20PM ET,GB,12.46
QB,Drew Stanton (13245190),Drew Stanton,13245190,QB,4100,TEN@CLE 09/08/2019 01:00PM ET,CLE,0
WR,Mecole Hardman (13245835),Mecole Hardman,13245835,WR/FLEX,4100,KC@JAX 09/08/2019 01:00PM ET,KC,0
WR,Robert Foster (13245837),Robert Foster,13245837,WR/FLEX,4100,BUF@NYJ 09/08/2019 01:00PM ET,BUF,8.32
WR,Jamison Crowder (13245839),Jamison Crowder,13245839,WR/FLEX,4100,BUF@NYJ 09/08/2019 01:00PM ET,NYJ,9.2
QB,Brian Hoyer (13245193),Brian Hoyer,13245193,QB,4100,IND@LAC 09/08/2019 04:05PM ET,IND,-0.10
TE,Eric Ebron (13246451),Eric Ebron,13246451,TE/FLEX,4100,IND@LAC 09/08/2019 04:05PM ET,IND,13.77
QB,Jeff Driskel (13245191),Jeff Driskel,13245191,QB,4100,CIN@SEA 09/08/2019 04:05PM ET,CIN,9.79
QB,J.T. Barrett IV (13245192),J.T. Barrett IV,13245192,QB,4100,CIN@SEA 09/08/2019 04:05PM ET,SEA,0
RB,Giovani Bernard (13245345),Giovani Bernard,13245345,RB/FLEX,4100,CIN@SEA 09/08/2019 04:05PM ET,CIN,7.99
RB,Carlos Hyde (13245343),Carlos Hyde,13245343,RB/FLEX,4100,HOU@NO 09/09/2019 07:10PM ET,HOU,7.1
RB,Latavius Murray (13245347),Latavius Murray,13245347,RB/FLEX,4100,HOU@NO 09/09/2019 07:10PM ET,NO,8.43
QB,Kevin Hogan (13245194),Kevin Hogan,13245194,QB,4100,DEN@OAK 09/09/2019 10:20PM ET,DEN,0
QB,Nathan Peterman (13245195),Nathan Peterman,13245195,QB,4100,DEN@OAK 09/09/2019 10:20PM ET,OAK,4.96
QB,Tyler Bray (13245196),Tyler Bray,13245196,QB,4000,GB@CHI 09/05/2019 08:20PM ET,CHI,0
QB,Tim Boyle (13245197),Tim Boyle,13245197,QB,4000,GB@CHI 09/05/2019 08:20PM ET,GB,0
QB,Manny Wilkins (13245198),Manny Wilkins,13245198,QB,4000,GB@CHI 09/05/2019 08:20PM ET,GB,0
QB,John Wolford (13245200),John Wolford,13245200,QB,4000,LAR@CAR 09/08/2019 01:00PM ET,LAR,0
QB,Kyle Allen (13245201),Kyle Allen,13245201,QB,4000,LAR@CAR 09/08/2019 01:00PM ET,CAR,13.27
QB,Will Grier (13245202),Will Grier,13245202,QB,4000,LAR@CAR 09/08/2019 01:00PM ET,CAR,0
QB,Garrett Gilbert (13245203),Garrett Gilbert,13245203,QB,4000,TEN@CLE 09/08/2019 01:00PM ET,CLE,1.6
QB,Logan Woodside (13245205),Logan Woodside,13245205,QB,4000,TEN@CLE 09/08/2019 01:00PM ET,TEN,0
WR,Adam Humphries (13245841),Adam Humphries,13245841,WR/FLEX,4000,TEN@CLE 09/08/2019 01:00PM ET,TEN,11.79
QB,Matt Moore (13245206),Matt Moore,13245206,QB,4000,KC@JAX 09/08/2019 01:00PM ET,KC,0
QB,Chase Litton (13245207),Chase Litton,13245207,QB,4000,KC@JAX 09/08/2019 01:00PM ET,KC,0
QB,Kyle Shurmur (13245208),Kyle Shurmur,13245208,QB,4000,KC@JAX 09/08/2019 01:00PM ET,KC,0
QB,Gardner Minshew (13245209),Gardner Minshew,13245209,QB,4000,KC@JAX 09/08/2019 01:00PM ET,JAX,0
QB,Alex McGough (13245210),Alex McGough,13245210,QB,4000,KC@JAX 09/08/2019 01:00PM ET,JAX,0
QB,Jake Rudock (13245211),Jake Rudock,13245211,QB,4000,BAL@MIA 09/08/2019 01:00PM ET,MIA,0
QB,Robert Griffin III (13245212),Robert Griffin III,13245212,QB,4000,BAL@MIA 09/08/2019 01:00PM ET,BAL,0.28
QB,Trace McSorley (13245213),Trace McSorley,13245213,QB,4000,BAL@MIA 09/08/2019 01:00PM ET,BAL,0
QB,Joe Callahan (13245214),Joe Callahan,13245214,QB,4000,BAL@MIA 09/08/2019 01:00PM ET,BAL,0
WR,Willie Snead IV (13245845),Willie Snead IV,13245845,WR/FLEX,4000,BAL@MIA 09/08/2019 01:00PM ET,BAL,8.38
QB,Matt Simms (13245215),Matt Simms,13245215,QB,4000,ATL@MIN 09/08/2019 01:00PM ET,ATL,0
QB,Danny Etling (13245216),Danny Etling,13245216,QB,4000,ATL@MIN 09/08/2019 01:00PM ET,ATL,0
QB,Sean Mannion (13245217),Sean Mannion,13245217,QB,4000,ATL@MIN 09/08/2019 01:00PM ET,MIN,0.01
QB,Kyle Sloter (13245218),Kyle Sloter,13245218,QB,4000,ATL@MIN 09/08/2019 01:00PM ET,MIN,0
QB,Jake Browning (13245219),Jake Browning,13245219,QB,4000,ATL@MIN 09/08/2019 01:00PM ET,MIN,0
RB,Ito Smith (13245349),Ito Smith,13245349,RB/FLEX,4000,ATL@MIN 09/08/2019 01:00PM ET,ATL,6.98
QB,Tyree Jackson (13245220),Tyree Jackson,13245220,QB,4000,BUF@NYJ 09/08/2019 01:00PM ET,BUF,0
QB,Trevor Siemian (13245221),Trevor Siemian,13245221,QB,4000,BUF@NYJ 09/08/2019 01:00PM ET,NYJ,0
QB,Davis Webb (13245222),Davis Webb,13245222,QB,4000,BUF@NYJ 09/08/2019 01:00PM ET,NYJ,0
QB,Luke Falk (13245223),Luke Falk,13245223,QB,4000,BUF@NYJ 09/08/2019 01:00PM ET,NYJ,0
QB,Nate Sudfeld (13245224),Nate Sudfeld,13245224,QB,4000,WAS@PHI 09/08/2019 01:00PM ET,PHI,2.34
QB,Cody Kessler (13245225),Cody Kessler,13245225,QB,4000,WAS@PHI 09/08/2019 01:00PM ET,PHI,8.73
QB,Clayton Thorson (13245226),Clayton Thorson,13245226,QB,4000,WAS@PHI 09/08/2019 01:00PM ET,PHI,0
QB,Colt McCoy (13245227),Colt McCoy,13245227,QB,4000,WAS@PHI 09/08/2019 01:00PM ET,WAS,10.06
QB,Jalan McClendon (13245228),Jalan McClendon,13245228,QB,4000,WAS@PHI 09/08/2019 01:00PM ET,WAS,0
QB,Alex Smith (13245229),Alex Smith,13245229,QB,4000,WAS@PHI 09/08/2019 01:00PM ET,WAS,14.7
QB,Phillip Walker (13245230),Phillip Walker,13245230,QB,4000,IND@LAC 09/08/2019 04:05PM ET,IND,0
QB,Chad Kelly (13245231),Chad Kelly,13245231,QB,4000,IND@LAC 09/08/2019 04:05PM ET,IND,-0.1
QB,Easton Stick (13245232),Easton Stick,13245232,QB,4000,IND@LAC 09/08/2019 04:05PM ET,LAC,0
QB,Cardale Jones (13245233),Cardale Jones,13245233,QB,4000,IND@LAC 09/08/2019 04:05PM ET,LAC,0
RB,Justin Jackson (13245351),Justin Jackson,13245351,RB/FLEX,4000,IND@LAC 09/08/2019 04:05PM ET,LAC,4.48
WR,Devin Funchess (13245847),Devin Funchess,13245847,WR/FLEX,4000,IND@LAC 09/08/2019 04:05PM ET,IND,8.78
QB,Ryan Finley (13245234),Ryan Finley,13245234,QB,4000,CIN@SEA 09/08/2019 04:05PM ET,CIN,0
QB,Jake Dolegala (13245235),Jake Dolegala,13245235,QB,4000,CIN@SEA 09/08/2019 04:05PM ET,CIN,0
QB,Geno Smith (13245236),Geno Smith,13245236,QB,4000,CIN@SEA 09/08/2019 04:05PM ET,SEA,-0.10
QB,Paxton Lynch (13245237),Paxton Lynch,13245237,QB,4000,CIN@SEA 09/08/2019 04:05PM ET,SEA,0
WR,DK Metcalf (13245849),DK Metcalf,13245849,WR/FLEX,4000,CIN@SEA 09/08/2019 04:05PM ET,SEA,0
QB,David Blough (13245204),David Blough,13245204,QB,4000,DET@ARI 09/08/2019 04:25PM ET,DET,0
QB,Tom Savage (13245238),Tom Savage,13245238,QB,4000,DET@ARI 09/08/2019 04:25PM ET,DET,0
QB,Josh Johnson (13245239),Josh Johnson,13245239,QB,4000,DET@ARI 09/08/2019 04:25PM ET,DET,13.4
QB,Luis Perez (13245240),Luis Perez,13245240,QB,4000,DET@ARI 09/08/2019 04:25PM ET,DET,0
QB,Brett Hundley (13245241),Brett Hundley,13245241,QB,4000,DET@ARI 09/08/2019 04:25PM ET,ARI,0
QB,Charles Kanoff (13245242),Charles Kanoff,13245242,QB,4000,DET@ARI 09/08/2019 04:25PM ET,ARI,0
QB,Drew Anderson (13245243),Drew Anderson,13245243,QB,4000,DET@ARI 09/08/2019 04:25PM ET,ARI,0
QB,Mike White (13245244),Mike White,13245244,QB,4000,NYG@DAL 09/08/2019 04:25PM ET,DAL,0
QB,Taryn Christion (13245245),Taryn Christion,13245245,QB,4000,NYG@DAL 09/08/2019 04:25PM ET,DAL,0
QB,Alex Tanney (13245246),Alex Tanney,13245246,QB,4000,NYG@DAL 09/08/2019 04:25PM ET,NYG,0
QB,Kyle Lauletta (13245247),Kyle Lauletta,13245247,QB,4000,NYG@DAL 09/08/2019 04:25PM ET,NYG,-0.6
QB,C.J. Beathard (13245248),C.J. Beathard,13245248,QB,4000,SF@TB 09/08/2019 04:25PM ET,SF,14.66
QB,Wilton Speight (13245249),Wilton Speight,13245249,QB,4000,SF@TB 09/08/2019 04:25PM ET,SF,0
QB,Blaine Gabbert (13245250),Blaine Gabbert,13245250,QB,4000,SF@TB 09/08/2019 04:25PM ET,TB,4.63
QB,Ryan Griffin (13245251),Ryan Griffin,13245251,QB,4000,SF@TB 09/08/2019 04:25PM ET,TB,0
QB,Nick Fitzgerald (13245252),Nick Fitzgerald,13245252,QB,4000,SF@TB 09/08/2019 04:25PM ET,TB,0
QB,Vincent Testaverde (13245253),Vincent Testaverde,13245253,QB,4000,SF@TB 09/08/2019 04:25PM ET,TB,0
RB,Matt Breida (13245353),Matt Breida,13245353,RB/FLEX,4000,SF@TB 09/08/2019 04:25PM ET,SF,12.32
RB,Peyton Barber (13245355),Peyton Barber,13245355,RB/FLEX,4000,SF@TB 09/08/2019 04:25PM ET,TB,9.64
WR,Marquise Goodwin (13245851),Marquise Goodwin,13245851,WR/FLEX,4000,SF@TB 09/08/2019 04:25PM ET,SF,8.22
WR,Deebo Samuel (13245853),Deebo Samuel,13245853,WR/FLEX,4000,SF@TB 09/08/2019 04:25PM ET,SF,0
QB,Joshua Dobbs (13245254),Joshua Dobbs,13245254,QB,4000,PIT@NE 09/08/2019 08:20PM ET,PIT,0.36
QB,Mason Rudolph (13245255),Mason Rudolph,13245255,QB,4000,PIT@NE 09/08/2019 08:20PM ET,PIT,0
QB,Devlin Hodges (13245256),Devlin Hodges,13245256,QB,4000,PIT@NE 09/08/2019 08:20PM ET,PIT,0
TE,Vance McDonald (13246453),Vance McDonald,13246453,TE/FLEX,4000,PIT@NE 09/08/2019 08:20PM ET,PIT,9.13
QB,Joe Webb III (13245257),Joe Webb III,13245257,QB,4000,HOU@NO 09/09/2019 07:10PM ET,HOU,0.19
QB,Jordan Ta'amu (13245258),Jordan Ta'amu,13245258,QB,4000,HOU@NO 09/09/2019 07:10PM ET,HOU,0
WR,Kenny Stills (13245843),Kenny Stills,13245843,WR/FLEX,4000,HOU@NO 09/09/2019 07:10PM ET,HOU,9.36
WR,Keke Coutee (13245855),Keke Coutee,13245855,WR/FLEX,4000,HOU@NO 09/09/2019 07:10PM ET,HOU,13.81
QB,Brandon Allen (13245199),Brandon Allen,13245199,QB,4000,DEN@OAK 09/09/2019 10:20PM ET,DEN,0
QB,Brett Rypien (13245259),Brett Rypien,13245259,QB,4000,DEN@OAK 09/09/2019 10:20PM ET,DEN,0
QB,Mike Glennon (13245260),Mike Glennon,13245260,QB,4000,DEN@OAK 09/09/2019 10:20PM ET,OAK,5.48
WR,Taylor Gabriel (13245859),Taylor Gabriel,13245859,WR/FLEX,3900,GB@CHI 09/05/2019 08:20PM ET,CHI,9.92
TE,Trey Burton (13246455),Trey Burton,13246455,TE/FLEX,3900,GB@CHI 09/05/2019 08:20PM ET,CHI,9.44
WR,DeVante Parker (13245861),DeVante Parker,13245861,WR/FLEX,3900,BAL@MIA 09/08/2019 01:00PM ET,MIA,5.81
WR,Albert Wilson (13245863),Albert Wilson,13245863,WR/FLEX,3900,BAL@MIA 09/08/2019 01:00PM ET,MIA,14.25
WR,Josh Doctson (13245869),Josh Doctson,13245869,WR/FLEX,3900,ATL@MIN 09/08/2019 01:00PM ET,MIN,7.28
RB,Miles Sanders (13245357),Miles Sanders,13245357,RB/FLEX,3900,WAS@PHI 09/08/2019 01:00PM ET,PHI,0
WR,Nelson Agholor (13245865),Nelson Agholor,13245865,WR/FLEX,3900,WAS@PHI 09/08/2019 01:00PM ET,PHI,9.86
WR,Paul Richardson Jr. (13245867),Paul Richardson Jr.,13245867,WR/FLEX,3900,WAS@PHI 09/08/2019 01:00PM ET,WAS,8.44
RB,Nyheim Hines (13245359),Nyheim Hines,13245359,RB/FLEX,3900,IND@LAC 09/08/2019 04:05PM ET,IND,9.07
TE,Hunter Henry (13246457),Hunter Henry,13246457,TE/FLEX,3900,IND@LAC 09/08/2019 04:05PM ET,LAC,0
WR,John Ross III (13245871),John Ross III,13245871,WR/FLEX,3900,CIN@SEA 09/08/2019 04:05PM ET,CIN,6.53
RB,C.J. Anderson (13245361),C.J. Anderson,13245361,RB/FLEX,3900,DET@ARI 09/08/2019 04:25PM ET,DET,8
RB,Ronald Jones II (13245363),Ronald Jones II,13245363,RB/FLEX,3900,SF@TB 09/08/2019 04:25PM ET,TB,2.3
WR,N'Keal Harry (13245857),N'Keal Harry,13245857,WR/FLEX,3900,PIT@NE 09/08/2019 08:20PM ET,NE,0
WR,James Washington (13245873),James Washington,13245873,WR/FLEX,3900,PIT@NE 09/08/2019 08:20PM ET,PIT,3.12
WR,Tre'Quan Smith (13245875),Tre'Quan Smith,13245875,WR/FLEX,3900,HOU@NO 09/09/2019 07:10PM ET,NO,6.57
RB,Malcolm Brown (13245365),Malcolm Brown,13245365,RB/FLEX,3800,LAR@CAR 09/08/2019 01:00PM ET,LAR,3.28
WR,Marquise Brown (13245877),Marquise Brown,13245877,WR/FLEX,3800,BAL@MIA 09/08/2019 01:00PM ET,BAL,0
DST,Ravens  (13246853),Ravens ,13246853,DST,3800,BAL@MIA 09/08/2019 01:00PM ET,BAL,8.06
RB,Alexander Mattison (13245367),Alexander Mattison,13245367,RB/FLEX,3800,ATL@MIN 09/08/2019 01:00PM ET,MIN,0
RB,Frank Gore (13245369),Frank Gore,13245369,RB/FLEX,3800,BUF@NYJ 09/08/2019 01:00PM ET,BUF,7.54
WR,Quincy Enunwa (13245879),Quincy Enunwa,13245879,WR/FLEX,3800,BUF@NYJ 09/08/2019 01:00PM ET,NYJ,7.99
WR,Parris Campbell (13245881),Parris Campbell,13245881,WR/FLEX,3800,IND@LAC 09/08/2019 04:05PM ET,IND,0
RB,Jaylen Samuels (13245371),Jaylen Samuels,13245371,RB/FLEX,3800,PIT@NE 09/08/2019 08:20PM ET,PIT,6.61
RB,Buddy Howell (13245373),Buddy Howell,13245373,RB/FLEX,3800,HOU@NO 09/09/2019 07:10PM ET,HOU,0
DST,Bears  (13246854),Bears ,13246854,DST,3700,GB@CHI 09/05/2019 08:20PM ET,CHI,11.35
TE,David Njoku (13246459),David Njoku,13246459,TE/FLEX,3700,TEN@CLE 09/08/2019 01:00PM ET,CLE,8.99
WR,Allen Hurns (13245883),Allen Hurns,13245883,WR/FLEX,3700,BAL@MIA 09/08/2019 01:00PM ET,MIA,3.76
WR,Zay Jones (13245885),Zay Jones,13245885,WR/FLEX,3700,BUF@NYJ 09/08/2019 01:00PM ET,BUF,10.32
RB,Adrian Peterson (13245375),Adrian Peterson,13245375,RB/FLEX,3700,WAS@PHI 09/08/2019 01:00PM ET,WAS,12.5
RB,Raheem Mostert (13245377),Raheem Mostert,13245377,RB/FLEX,3700,SF@TB 09/08/2019 04:25PM ET,SF,4.4
WR,Demaryius Thomas (13245887),Demaryius Thomas,13245887,WR/FLEX,3700,PIT@NE 09/08/2019 08:20PM ET,NE,10.65
WR,Cordarrelle Patterson (13245889),Cordarrelle Patterson,13245889,WR/FLEX,3600,GB@CHI 09/05/2019 08:20PM ET,CHI,5.87
TE,Jimmy Graham (13246461),Jimmy Graham,13246461,TE/FLEX,3600,GB@CHI 09/05/2019 08:20PM ET,GB,8.35
RB,Justice Hill (13245379),Justice Hill,13245379,RB/FLEX,3600,BAL@MIA 09/08/2019 01:00PM ET,BAL,0
RB,Devin Singletary (13245381),Devin Singletary,13245381,RB/FLEX,3600,BUF@NYJ 09/08/2019 01:00PM ET,BUF,0
WR,Cole Beasley (13245891),Cole Beasley,13245891,WR/FLEX,3600,BUF@NYJ 09/08/2019 01:00PM ET,BUF,8.97
TE,Jordan Reed (13246463),Jordan Reed,13246463,TE/FLEX,3600,WAS@PHI 09/08/2019 01:00PM ET,WAS,9.29
DST,Eagles  (13246855),Eagles ,13246855,DST,3600,WAS@PHI 09/08/2019 01:00PM ET,PHI,5.94
WR,Danny Amendola (13245893),Danny Amendola,13245893,WR/FLEX,3600,DET@ARI 09/08/2019 04:25PM ET,DET,8.50
WR,Hunter Renfrow (13245895),Hunter Renfrow,13245895,WR/FLEX,3600,DEN@OAK 09/09/2019 10:20PM ET,OAK,0
DST,Broncos  (13246856),Broncos ,13246856,DST,3600,DEN@OAK 09/09/2019 10:20PM ET,DEN,8.25
RB,Mike Davis (13245383),Mike Davis,13245383,RB/FLEX,3500,GB@CHI 09/05/2019 08:20PM ET,CHI,9.19
WR,A.J. Brown (13245897),A.J. Brown,13245897,WR/FLEX,3500,TEN@CLE 09/08/2019 01:00PM ET,TEN,0
TE,Delanie Walker (13246465),Delanie Walker,13246465,TE/FLEX,3500,TEN@CLE 09/08/2019 01:00PM ET,TEN,9.2
RB,Chris Thompson (13245385),Chris Thompson,13245385,RB/FLEX,3500,WAS@PHI 09/08/2019 01:00PM ET,WAS,9.16
WR,David Moore (13245899),David Moore,13245899,WR/FLEX,3500,CIN@SEA 09/08/2019 04:05PM ET,SEA,6.12
RB,Alfred Morris (13245387),Alfred Morris,13245387,RB/FLEX,3500,NYG@DAL 09/08/2019 04:25PM ET,DAL,6.01
DST,Cowboys  (13246857),Cowboys ,13246857,DST,3500,NYG@DAL 09/08/2019 04:25PM ET,DAL,5.44
RB,Rex Burkhead (13245389),Rex Burkhead,13245389,RB/FLEX,3500,PIT@NE 09/08/2019 08:20PM ET,NE,8.16
RB,Jalen Richard (13245391),Jalen Richard,13245391,RB/FLEX,3500,DEN@OAK 09/09/2019 10:20PM ET,OAK,9.91
RB,Jordan Scarlett (13245393),Jordan Scarlett,13245393,RB/FLEX,3400,LAR@CAR 09/08/2019 01:00PM ET,CAR,0
DST,Browns  (13246858),Browns ,13246858,DST,3400,TEN@CLE 09/08/2019 01:00PM ET,CLE,6.38
RB,Darrel Williams (13245395),Darrel Williams,13245395,RB/FLEX,3400,KC@JAX 09/08/2019 01:00PM ET,KC,2.88
WR,Keelan Cole (13245901),Keelan Cole,13245901,WR/FLEX,3400,KC@JAX 09/08/2019 01:00PM ET,JAX,5.88
WR,JJ Arcega-Whiteside (13245903),JJ Arcega-Whiteside,13245903,WR/FLEX,3400,WAS@PHI 09/08/2019 01:00PM ET,PHI,0
WR,Trey Quinn (13245905),Trey Quinn,13245905,WR/FLEX,3400,WAS@PHI 09/08/2019 01:00PM ET,WAS,7.5
TE,Jack Doyle (13246467),Jack Doyle,13246467,TE/FLEX,3400,IND@LAC 09/08/2019 04:05PM ET,IND,10.25
WR,Andy Isabella (13245907),Andy Isabella,13245907,WR/FLEX,3400,DET@ARI 09/08/2019 04:25PM ET,ARI,0
WR,Michael Crabtree (13245909),Michael Crabtree,13245909,WR/FLEX,3400,DET@ARI 09/08/2019 04:25PM ET,ARI,8.85
DST,Patriots  (13246859),Patriots ,13246859,DST,3400,PIT@NE 09/08/2019 08:20PM ET,NE,8.42
TE,Noah Fant (13246469),Noah Fant,13246469,TE/FLEX,3400,DEN@OAK 09/09/2019 10:20PM ET,DEN,0
RB,Jamaal Williams (13245397),Jamaal Williams,13245397,RB/FLEX,3300,GB@CHI 09/05/2019 08:20PM ET,GB,7.15
WR,Riley Ridley (13245911),Riley Ridley,13245911,WR/FLEX,3300,GB@CHI 09/05/2019 08:20PM ET,CHI,0
WR,Equanimeous St. Brown (13245913),Equanimeous St. Brown,13245913,WR/FLEX,3300,GB@CHI 09/05/2019 08:20PM ET,GB,4.52
WR,Josh Reynolds (13245915),Josh Reynolds,13245915,WR/FLEX,3300,LAR@CAR 09/08/2019 01:00PM ET,LAR,6.45
WR,Chris Hogan (13245917),Chris Hogan,13245917,WR/FLEX,3300,LAR@CAR 09/08/2019 01:00PM ET,CAR,6.32
WR,Antonio Callaway (13245919),Antonio Callaway,13245919,WR/FLEX,3300,TEN@CLE 09/08/2019 01:00PM ET,CLE,8.33
RB,Alfred Blue (13245399),Alfred Blue,13245399,RB/FLEX,3300,KC@JAX 09/08/2019 01:00PM ET,JAX,5.95
WR,D.J. Chark Jr. (13245921),D.J. Chark Jr.,13245921,WR/FLEX,3300,KC@JAX 09/08/2019 01:00PM ET,JAX,2.76
TE,Kyle Rudolph (13246471),Kyle Rudolph,13246471,TE/FLEX,3300,ATL@MIN 09/08/2019 01:00PM ET,MIN,9.65
DST,Vikings  (13246860),Vikings ,13246860,DST,3300,ATL@MIN 09/08/2019 01:00PM ET,MIN,7.75
RB,T.J. Yeldon (13245401),T.J. Yeldon,13245401,RB/FLEX,3300,BUF@NYJ 09/08/2019 01:00PM ET,BUF,12.44
RB,Bilal Powell (13245403),Bilal Powell,13245403,RB/FLEX,3300,BUF@NYJ 09/08/2019 01:00PM ET,NYJ,8.76
WR,Terry McLaurin (13245923),Terry McLaurin,13245923,WR/FLEX,3300,WAS@PHI 09/08/2019 01:00PM ET,WAS,0
WR,Chester Rogers (13245925),Chester Rogers,13245925,WR/FLEX,3300,IND@LAC 09/08/2019 04:05PM ET,IND,7.43
WR,Travis Benjamin (13245927),Travis Benjamin,13245927,WR/FLEX,3300,IND@LAC 09/08/2019 04:05PM ET,LAC,3.2
RB,Paul Perkins (13245405),Paul Perkins,13245405,RB/FLEX,3300,NYG@DAL 09/08/2019 04:25PM ET,NYG,0
WR,Cody Latimer (13245929),Cody Latimer,13245929,WR/FLEX,3300,NYG@DAL 09/08/2019 04:25PM ET,NYG,6
WR,Breshad Perriman (13245931),Breshad Perriman,13245931,WR/FLEX,3300,SF@TB 09/08/2019 04:25PM ET,TB,6.22
RB,Damien Harris (13245407),Damien Harris,13245407,RB/FLEX,3300,PIT@NE 09/08/2019 08:20PM ET,NE,0
RB,Benny Snell Jr. (13245409),Benny Snell Jr.,13245409,RB/FLEX,3300,PIT@NE 09/08/2019 08:20PM ET,PIT,0
WR,DeAndre Carter (13245933),DeAndre Carter,13245933,WR/FLEX,3300,HOU@NO 09/09/2019 07:10PM ET,HOU,2.89
RB,Theo Riddick (13245411),Theo Riddick,13245411,RB/FLEX,3300,DEN@OAK 09/09/2019 10:20PM ET,DEN,8.32
WR,Jarius Wright (13245935),Jarius Wright,13245935,WR/FLEX,3200,LAR@CAR 09/08/2019 01:00PM ET,CAR,6.16
TE,Greg Olsen (13246473),Greg Olsen,13246473,TE/FLEX,3200,LAR@CAR 09/08/2019 01:00PM ET,CAR,8.9
DST,Rams  (13246861),Rams ,13246861,DST,3200,LAR@CAR 09/08/2019 01:00PM ET,LAR,8.74
WR,Rashard Higgins (13245937),Rashard Higgins,13245937,WR/FLEX,3200,TEN@CLE 09/08/2019 01:00PM ET,CLE,9.17
WR,Demarcus Robinson (13245939),Demarcus Robinson,13245939,WR/FLEX,3200,KC@JAX 09/08/2019 01:00PM ET,KC,4.36
WR,Chris Moore (13245941),Chris Moore,13245941,WR/FLEX,3200,BAL@MIA 09/08/2019 01:00PM ET,BAL,2.72
TE,Austin Hooper (13246475),Austin Hooper,13246475,TE/FLEX,3200,ATL@MIN 09/08/2019 01:00PM ET,ATL,10.19
RB,Ty Montgomery (13245413),Ty Montgomery,13245413,RB/FLEX,3200,BUF@NYJ 09/08/2019 01:00PM ET,NYJ,5.16
RB,Corey Clement (13245415),Corey Clement,13245415,RB/FLEX,3200,WAS@PHI 09/08/2019 01:00PM ET,PHI,7.37
RB,Wendell Smallwood (13245417),Wendell Smallwood,13245417,RB/FLEX,3200,WAS@PHI 09/08/2019 01:00PM ET,WAS,7.18
WR,Dontrelle Inman (13245943),Dontrelle Inman,13245943,WR/FLEX,3200,IND@LAC 09/08/2019 04:05PM ET,LAC,9.2
WR,Alex Erickson (13245945),Alex Erickson,13245945,WR/FLEX,3200,CIN@SEA 09/08/2019 04:05PM ET,CIN,2.37
WR,Darius Slayton (13245947),Darius Slayton,13245947,WR/FLEX,3200,NYG@DAL 09/08/2019 04:25PM ET,NYG,0
RB,Bruce Anderson III (13245419),Bruce Anderson III,13245419,RB/FLEX,3200,SF@TB 09/08/2019 04:25PM ET,TB,0
WR,Justin Watson (13245949),Justin Watson,13245949,WR/FLEX,3200,SF@TB 09/08/2019 04:25PM ET,TB,0.12
WR,Matthew Eaton (13245951),Matthew Eaton,13245951,WR/FLEX,3200,SF@TB 09/08/2019 04:25PM ET,TB,0
WR,Jakobi Meyers (13245953),Jakobi Meyers,13245953,WR/FLEX,3200,PIT@NE 09/08/2019 08:20PM ET,NE,0
WR,Ryan Switzer (13245955),Ryan Switzer,13245955,WR/FLEX,3200,PIT@NE 09/08/2019 08:20PM ET,PIT,4.34
TE,Ben Watson (13246477),Ben Watson,13246477,TE/FLEX,3200,PIT@NE 09/08/2019 08:20PM ET,NE,5.25
RB,Josh Ferguson (13245421),Josh Ferguson,13245421,RB/FLEX,3200,HOU@NO 09/09/2019 07:10PM ET,HOU,0
RB,Dwayne Washington (13245423),Dwayne Washington,13245423,RB/FLEX,3200,HOU@NO 09/09/2019 07:10PM ET,NO,1.42
WR,Keith Kirkwood (13245957),Keith Kirkwood,13245957,WR/FLEX,3200,HOU@NO 09/09/2019 07:10PM ET,NO,6.08
DST,Saints  (13246862),Saints ,13246862,DST,3200,HOU@NO 09/09/2019 07:10PM ET,NO,6.67
RB,DeAndre Washington (13245425),DeAndre Washington,13245425,RB/FLEX,3200,DEN@OAK 09/09/2019 10:20PM ET,OAK,1.24
WR,Tim Patrick (13245959),Tim Patrick,13245959,WR/FLEX,3200,DEN@OAK 09/09/2019 10:20PM ET,DEN,3.82
WR,J.J. Nelson (13245961),J.J. Nelson,13245961,WR/FLEX,3200,DEN@OAK 09/09/2019 10:20PM ET,OAK,0.96
RB,Dexter Williams (13245427),Dexter Williams,13245427,RB/FLEX,3100,GB@CHI 09/05/2019 08:20PM ET,GB,0
WR,Jake Kumerow (13245963),Jake Kumerow,13245963,WR/FLEX,3100,GB@CHI 09/05/2019 08:20PM ET,GB,4.86
WR,Taywan Taylor (13245965),Taywan Taylor,13245965,WR/FLEX,3100,TEN@CLE 09/08/2019 01:00PM ET,CLE,7.05
WR,Chris Conley (13245967),Chris Conley,13245967,WR/FLEX,3100,KC@JAX 09/08/2019 01:00PM ET,JAX,5.19
RB,Gus Edwards (13245429),Gus Edwards,13245429,RB/FLEX,3100,BAL@MIA 09/08/2019 01:00PM ET,BAL,8.42
RB,Kenneth Dixon (13245431),Kenneth Dixon,13245431,RB/FLEX,3100,BAL@MIA 09/08/2019 01:00PM ET,BAL,9.57
RB,Elijah McGuire (13245433),Elijah McGuire,13245433,RB/FLEX,3100,BUF@NYJ 09/08/2019 01:00PM ET,NYJ,10.99
DST,Jets  (13246863),Jets ,13246863,DST,3100,BUF@NYJ 09/08/2019 01:00PM ET,NYJ,6.81
RB,Darren Sproles (13245435),Darren Sproles,13245435,RB/FLEX,3100,WAS@PHI 09/08/2019 01:00PM ET,PHI,9
RB,Josh Adams (13245437),Josh Adams,13245437,RB/FLEX,3100,WAS@PHI 09/08/2019 01:00PM ET,PHI,5.54
WR,Zach Pascal (13245969),Zach Pascal,13245969,WR/FLEX,3100,IND@LAC 09/08/2019 04:05PM ET,IND,3.97
WR,Jaron Brown (13245971),Jaron Brown,13245971,WR/FLEX,3100,CIN@SEA 09/08/2019 04:05PM ET,SEA,3.56
TE,Tyler Eifert (13246479),Tyler Eifert,13246479,TE/FLEX,3100,CIN@SEA 09/08/2019 04:05PM ET,CIN,9.72
DST,Seahawks  (13246864),Seahawks ,13246864,DST,3100,CIN@SEA 09/08/2019 04:05PM ET,SEA,7.41
RB,J.D. McKissic (13245439),J.D. McKissic,13245439,RB/FLEX,3100,DET@ARI 09/08/2019 04:25PM ET,DET,1.68
RB,Chase Edmonds (13245441),Chase Edmonds,13245441,RB/FLEX,3100,DET@ARI 09/08/2019 04:25PM ET,ARI,3.94
TE,T.J. Hockenson (13246481),T.J. Hockenson,13246481,TE/FLEX,3100,DET@ARI 09/08/2019 04:25PM ET,DET,0
RB,Mike Weber Jr. (13245443),Mike Weber Jr.,13245443,RB/FLEX,3100,NYG@DAL 09/08/2019 04:25PM ET,DAL,0
WR,Phillip Dorsett III (13245973),Phillip Dorsett III,13245973,WR/FLEX,3100,PIT@NE 09/08/2019 08:20PM ET,NE,5.57
RB,Jacquizz Rodgers (13245445),Jacquizz Rodgers,13245445,RB/FLEX,3100,HOU@NO 09/09/2019 07:10PM ET,NO,5.44
RB,Ryan Nall (13245447),Ryan Nall,13245447,RB/FLEX,3000,GB@CHI 09/05/2019 08:20PM ET,CHI,0
RB,Josh Caldwell (13245449),Josh Caldwell,13245449,RB/FLEX,3000,GB@CHI 09/05/2019 08:20PM ET,CHI,0
RB,Kerrith Whyte Jr. (13245451),Kerrith Whyte Jr.,13245451,RB/FLEX,3000,GB@CHI 09/05/2019 08:20PM ET,CHI,0
RB,Taquan Mizzell Sr. (13245453),Taquan Mizzell Sr.,13245453,RB/FLEX,3000,GB@CHI 09/05/2019 08:20PM ET,CHI,2.33
RB,Tra Carson (13245455),Tra Carson,13245455,RB/FLEX,3000,GB@CHI 09/05/2019 08:20PM ET,GB,0
RB,Keith Ford (13245457),Keith Ford,13245457,RB/FLEX,3000,GB@CHI 09/05/2019 08:20PM ET,GB,6.5
RB,Tommy Bohanon (13245459),Tommy Bohanon,13245459,RB/FLEX,3000,GB@CHI 09/05/2019 08:20PM ET,GB,0.63
RB,Danny Vitale (13245461),Danny Vitale,13245461,RB/FLEX,3000,GB@CHI 09/05/2019 08:20PM ET,GB,0.24
RB,Malcolm Johnson (13245463),Malcolm Johnson,13245463,RB/FLEX,3000,GB@CHI 09/05/2019 08:20PM ET,GB,0
WR,Javon Wims (13245975),Javon Wims,13245975,WR/FLEX,3000,GB@CHI 09/05/2019 08:20PM ET,CHI,1.8
WR,Marvin Hall (13245977),Marvin Hall,13245977,WR/FLEX,3000,GB@CHI 09/05/2019 08:20PM ET,CHI,1.93
WR,Jordan Williams-Lambert (13245979),Jordan Williams-Lambert,13245979,WR/FLEX,3000,GB@CHI 09/05/2019 08:20PM ET,CHI,0
WR,Tanner Gentry (13245981),Tanner Gentry,13245981,WR/FLEX,3000,GB@CHI 09/05/2019 08:20PM ET,CHI,0
WR,Thomas Ives (13245983),Thomas Ives,13245983,WR/FLEX,3000,GB@CHI 09/05/2019 08:20PM ET,CHI,0
WR,Joe Walker (13245985),Joe Walker,13245985,WR/FLEX,3000,GB@CHI 09/05/2019 08:20PM ET,CHI,0
WR,Trevor Davis (13245987),Trevor Davis,13245987,WR/FLEX,3000,GB@CHI 09/05/2019 08:20PM ET,GB,0
WR,Darrius Shepherd (13245989),Darrius Shepherd,13245989,WR/FLEX,3000,GB@CHI 09/05/2019 08:20PM ET,GB,0
WR,Allen Lazard (13245991),Allen Lazard,13245991,WR/FLEX,3000,GB@CHI 09/05/2019 08:20PM ET,GB,1.7
WR,J'Mon Moore (13245993),J'Mon Moore,13245993,WR/FLEX,3000,GB@CHI 09/05/2019 08:20PM ET,GB,0.21
WR,Teo Redding (13245995),Teo Redding,13245995,WR/FLEX,3000,GB@CHI 09/05/2019 08:20PM ET,GB,0
WR,Malik Taylor (13245997),Malik Taylor,13245997,WR/FLEX,3000,GB@CHI 09/05/2019 08:20PM ET,GB,0
RB,John Kelly (13245465),John Kelly,13245465,RB/FLEX,3000,LAR@CAR 09/08/2019 01:00PM ET,LAR,1.73
RB,Justin Davis (13245467),Justin Davis,13245467,RB/FLEX,3000,LAR@CAR 09/08/2019 01:00PM ET,LAR,0.17
RB,Matt Colburn (13245469),Matt Colburn,13245469,RB/FLEX,3000,LAR@CAR 09/08/2019 01:00PM ET,LAR,0
RB,Cameron Artis-Payne (13245471),Cameron Artis-Payne,13245471,RB/FLEX,3000,LAR@CAR 09/08/2019 01:00PM ET,CAR,1.93
RB,Reggie Bonnafon (13245473),Reggie Bonnafon,13245473,RB/FLEX,3000,LAR@CAR 09/08/2019 01:00PM ET,CAR,0
RB,Elijah Holyfield (13245475),Elijah Holyfield,13245475,RB/FLEX,3000,LAR@CAR 09/08/2019 01:00PM ET,CAR,0
RB,Alex Armah (13245477),Alex Armah,13245477,RB/FLEX,3000,LAR@CAR 09/08/2019 01:00PM ET,CAR,0.94
WR,JoJo Natson (13246001),JoJo Natson,13246001,WR/FLEX,3000,LAR@CAR 09/08/2019 01:00PM ET,LAR,-0.06
WR,Mike Thomas (13246003),Mike Thomas,13246003,WR/FLEX,3000,LAR@CAR 09/08/2019 01:00PM ET,LAR,0
WR,Austin Proehl (13246005),Austin Proehl,13246005,WR/FLEX,3000,LAR@CAR 09/08/2019 01:00PM ET,LAR,0
WR,Alex Bachman (13246007),Alex Bachman,13246007,WR/FLEX,3000,LAR@CAR 09/08/2019 01:00PM ET,LAR,0
WR,Nsimba Webster (13246009),Nsimba Webster,13246009,WR/FLEX,3000,LAR@CAR 09/08/2019 01:00PM ET,LAR,0
WR,Jonathan Lloyd (13246011),Jonathan Lloyd,13246011,WR/FLEX,3000,LAR@CAR 09/08/2019 01:00PM ET,LAR,0
WR,Jalen Greene (13246013),Jalen Greene,13246013,WR/FLEX,3000,LAR@CAR 09/08/2019 01:00PM ET,LAR,0
WR,Torrey Smith (13246015),Torrey Smith,13246015,WR/FLEX,3000,LAR@CAR 09/08/2019 01:00PM ET,CAR,4.54
WR,Aldrick Robinson (13246017),Aldrick Robinson,13246017,WR/FLEX,3000,LAR@CAR 09/08/2019 01:00PM ET,CAR,5.01
WR,Terry Godwin (13246019),Terry Godwin,13246019,WR/FLEX,3000,LAR@CAR 09/08/2019 01:00PM ET,CAR,0
WR,Andre Levrone (13246021),Andre Levrone,13246021,WR/FLEX,3000,LAR@CAR 09/08/2019 01:00PM ET,CAR,0
WR,DeAndrew White (13246023),DeAndrew White,13246023,WR/FLEX,3000,LAR@CAR 09/08/2019 01:00PM ET,CAR,0
WR,Rashad Ross (13246025),Rashad Ross,13246025,WR/FLEX,3000,LAR@CAR 09/08/2019 01:00PM ET,CAR,0
WR,Jaydon Mickens (13246027),Jaydon Mickens,13246027,WR/FLEX,3000,LAR@CAR 09/08/2019 01:00PM ET,CAR,0
WR,Damion Jeanpiere Jr. (13246029),Damion Jeanpiere Jr.,13246029,WR/FLEX,3000,LAR@CAR 09/08/2019 01:00PM ET,CAR,0
WR,Brandon Zylstra (13246137),Brandon Zylstra,13246137,WR/FLEX,3000,LAR@CAR 09/08/2019 01:00PM ET,CAR,0.21
WR,Ray-Ray McCloud III (13246153),Ray-Ray McCloud III,13246153,WR/FLEX,3000,LAR@CAR 09/08/2019 01:00PM ET,CAR,0.8
RB,Kareem Hunt (13245479),Kareem Hunt,13245479,RB/FLEX,3000,TEN@CLE 09/08/2019 01:00PM ET,CLE,21.47
RB,Dontrell Hilliard (13245481),Dontrell Hilliard,13245481,RB/FLEX,3000,TEN@CLE 09/08/2019 01:00PM ET,CLE,1.68
RB,D'Ernest Johnson (13245483),D'Ernest Johnson,13245483,RB/FLEX,3000,TEN@CLE 09/08/2019 01:00PM ET,CLE,0
RB,A.J. Ouellette (13245485),A.J. Ouellette,13245485,RB/FLEX,3000,TEN@CLE 09/08/2019 01:00PM ET,CLE,0
RB,Trayone Gray (13245487),Trayone Gray,13245487,RB/FLEX,3000,TEN@CLE 09/08/2019 01:00PM ET,CLE,0
RB,Joe Kerridge (13245489),Joe Kerridge,13245489,RB/FLEX,3000,TEN@CLE 09/08/2019 01:00PM ET,CLE,0
RB,David Fluellen (13245491),David Fluellen,13245491,RB/FLEX,3000,TEN@CLE 09/08/2019 01:00PM ET,TEN,0.23
RB,Jeremy McNichols (13245493),Jeremy McNichols,13245493,RB/FLEX,3000,TEN@CLE 09/08/2019 01:00PM ET,TEN,0.4
RB,Dalyn Dawkins (13245495),Dalyn Dawkins,13245495,RB/FLEX,3000,TEN@CLE 09/08/2019 01:00PM ET,TEN,0
RB,Alex Barnes (13245497),Alex Barnes,13245497,RB/FLEX,3000,TEN@CLE 09/08/2019 01:00PM ET,TEN,0
RB,Akeem Hunt (13245499),Akeem Hunt,13245499,RB/FLEX,3000,TEN@CLE 09/08/2019 01:00PM ET,TEN,0
WR,KhaDarel Hodge (13245999),KhaDarel Hodge,13245999,WR/FLEX,3000,TEN@CLE 09/08/2019 01:00PM ET,CLE,0.22
WR,Derrick Willies (13246031),Derrick Willies,13246031,WR/FLEX,3000,TEN@CLE 09/08/2019 01:00PM ET,CLE,1.82
WR,Damion Ratley (13246033),Damion Ratley,13246033,WR/FLEX,3000,TEN@CLE 09/08/2019 01:00PM ET,CLE,2.11
WR,Braxton Miller (13246035),Braxton Miller,13246035,WR/FLEX,3000,TEN@CLE 09/08/2019 01:00PM ET,CLE,0
WR,Ishmael Hyman (13246037),Ishmael Hyman,13246037,WR/FLEX,3000,TEN@CLE 09/08/2019 01:00PM ET,CLE,0
WR,Dorian Baker (13246039),Dorian Baker,13246039,WR/FLEX,3000,TEN@CLE 09/08/2019 01:00PM ET,CLE,0
WR,Damon Sheehy-Guiseppi (13246041),Damon Sheehy-Guiseppi,13246041,WR/FLEX,3000,TEN@CLE 09/08/2019 01:00PM ET,CLE,0
WR,Tajae Sharpe (13246043),Tajae Sharpe,13246043,WR/FLEX,3000,TEN@CLE 09/08/2019 01:00PM ET,TEN,4.64
WR,Darius Jennings (13246045),Darius Jennings,13246045,WR/FLEX,3000,TEN@CLE 09/08/2019 01:00PM ET,TEN,1.76
WR,Cody Hollister (13246047),Cody Hollister,13246047,WR/FLEX,3000,TEN@CLE 09/08/2019 01:00PM ET,TEN,0
WR,Kalif Raymond (13246049),Kalif Raymond,13246049,WR/FLEX,3000,TEN@CLE 09/08/2019 01:00PM ET,TEN,0
WR,Anthony Ratliff-Williams (13246051),Anthony Ratliff-Williams,13246051,WR/FLEX,3000,TEN@CLE 09/08/2019 01:00PM ET,TEN,0
WR,DeAngelo Yancey (13246053),DeAngelo Yancey,13246053,WR/FLEX,3000,TEN@CLE 09/08/2019 01:00PM ET,TEN,0
WR,Tanner McEvoy (13246055),Tanner McEvoy,13246055,WR/FLEX,3000,TEN@CLE 09/08/2019 01:00PM ET,TEN,0
WR,Papi White (13246057),Papi White,13246057,WR/FLEX,3000,TEN@CLE 09/08/2019 01:00PM ET,TEN,0
RB,Darwin Thompson (13245501),Darwin Thompson,13245501,RB/FLEX,3000,KC@JAX 09/08/2019 01:00PM ET,KC,0
RB,Tremon Smith (13245503),Tremon Smith,13245503,RB/FLEX,3000,KC@JAX 09/08/2019 01:00PM ET,KC,0
RB,Marcus Marshall (13245505),Marcus Marshall,13245505,RB/FLEX,3000,KC@JAX 09/08/2019 01:00PM ET,KC,0
RB,Anthony Sherman (13245507),Anthony Sherman,13245507,RB/FLEX,3000,KC@JAX 09/08/2019 01:00PM ET,KC,1.32
RB,Ryquell Armstead (13245509),Ryquell Armstead,13245509,RB/FLEX,3000,KC@JAX 09/08/2019 01:00PM ET,JAX,0
RB,Thomas Rawls (13245511),Thomas Rawls,13245511,RB/FLEX,3000,KC@JAX 09/08/2019 01:00PM ET,JAX,0
RB,Elijah Hood (13245513),Elijah Hood,13245513,RB/FLEX,3000,KC@JAX 09/08/2019 01:00PM ET,JAX,0
RB,Devante Mays (13245515),Devante Mays,13245515,RB/FLEX,3000,KC@JAX 09/08/2019 01:00PM ET,JAX,0
RB,Tyler Ervin (13245529),Tyler Ervin,13245529,RB/FLEX,3000,KC@JAX 09/08/2019 01:00PM ET,JAX,0.72
RB,Devine Ozigbo (13245691),Devine Ozigbo,13245691,RB/FLEX,3000,KC@JAX 09/08/2019 01:00PM ET,JAX,0
WR,Gehrig Dieter (13246059),Gehrig Dieter,13246059,WR/FLEX,3000,KC@JAX 09/08/2019 01:00PM ET,KC,0.88
WR,Byron Pringle (13246061),Byron Pringle,13246061,WR/FLEX,3000,KC@JAX 09/08/2019 01:00PM ET,KC,0
WR,De'Anthony Thomas (13246063),De'Anthony Thomas,13246063,WR/FLEX,3000,KC@JAX 09/08/2019 01:00PM ET,KC,2.5
WR,Rashard Davis (13246065),Rashard Davis,13246065,WR/FLEX,3000,KC@JAX 09/08/2019 01:00PM ET,KC,0
WR,Jamal Custis (13246067),Jamal Custis,13246067,WR/FLEX,3000,KC@JAX 09/08/2019 01:00PM ET,KC,0
WR,Jalen Tolliver (13246069),Jalen Tolliver,13246069,WR/FLEX,3000,KC@JAX 09/08/2019 01:00PM ET,KC,2.23
WR,Cody Thompson (13246071),Cody Thompson,13246071,WR/FLEX,3000,KC@JAX 09/08/2019 01:00PM ET,KC,0
WR,Felton Davis (13246073),Felton Davis,13246073,WR/FLEX,3000,KC@JAX 09/08/2019 01:00PM ET,KC,0
WR,C.J. Board (13246075),C.J. Board,13246075,WR/FLEX,3000,KC@JAX 09/08/2019 01:00PM ET,JAX,0
WR,Tyre Brady (13246077),Tyre Brady,13246077,WR/FLEX,3000,KC@JAX 09/08/2019 01:00PM ET,JAX,0
WR,Quadree Henderson (13246079),Quadree Henderson,13246079,WR/FLEX,3000,KC@JAX 09/08/2019 01:00PM ET,JAX,0
WR,Tre McBride (13246081),Tre McBride,13246081,WR/FLEX,3000,KC@JAX 09/08/2019 01:00PM ET,JAX,0
WR,Raphael Leonard (13246083),Raphael Leonard,13246083,WR/FLEX,3000,KC@JAX 09/08/2019 01:00PM ET,JAX,0
WR,Terrelle Pryor Sr. (13246085),Terrelle Pryor Sr.,13246085,WR/FLEX,3000,KC@JAX 09/08/2019 01:00PM ET,JAX,6.64
WR,Michael Walker (13246087),Michael Walker,13246087,WR/FLEX,3000,KC@JAX 09/08/2019 01:00PM ET,JAX,0
RB,Mark Walton (13245517),Mark Walton,13245517,RB/FLEX,3000,BAL@MIA 09/08/2019 01:00PM ET,MIA,0.89
RB,Myles Gaskin (13245519),Myles Gaskin,13245519,RB/FLEX,3000,BAL@MIA 09/08/2019 01:00PM ET,MIA,0
RB,Patrick Laird (13245521),Patrick Laird,13245521,RB/FLEX,3000,BAL@MIA 09/08/2019 01:00PM ET,MIA,0
RB,Kenneth Farrow (13245523),Kenneth Farrow,13245523,RB/FLEX,3000,BAL@MIA 09/08/2019 01:00PM ET,MIA,0
RB,Chandler Cox (13245525),Chandler Cox,13245525,RB/FLEX,3000,BAL@MIA 09/08/2019 01:00PM ET,MIA,0
RB,De'Lance Turner (13245527),De'Lance Turner,13245527,RB/FLEX,3000,BAL@MIA 09/08/2019 01:00PM ET,BAL,1.02
RB,Patrick Ricard (13245531),Patrick Ricard,13245531,RB/FLEX,3000,BAL@MIA 09/08/2019 01:00PM ET,BAL,0
RB,Christopher Ezeala (13245533),Christopher Ezeala,13245533,RB/FLEX,3000,BAL@MIA 09/08/2019 01:00PM ET,BAL,0
WR,Jakeem Grant (13246089),Jakeem Grant,13246089,WR/FLEX,3000,BAL@MIA 09/08/2019 01:00PM ET,MIA,7.23
WR,Preston Williams (13246091),Preston Williams,13246091,WR/FLEX,3000,BAL@MIA 09/08/2019 01:00PM ET,MIA,0
WR,Brice Butler (13246093),Brice Butler,13246093,WR/FLEX,3000,BAL@MIA 09/08/2019 01:00PM ET,MIA,2.25
WR,Trenton Irwin (13246095),Trenton Irwin,13246095,WR/FLEX,3000,BAL@MIA 09/08/2019 01:00PM ET,MIA,0
WR,Isaiah Ford (13246097),Isaiah Ford,13246097,WR/FLEX,3000,BAL@MIA 09/08/2019 01:00PM ET,MIA,0
WR,Reece Horn (13246099),Reece Horn,13246099,WR/FLEX,3000,BAL@MIA 09/08/2019 01:00PM ET,MIA,0
WR,T.J. Rahming (13246101),T.J. Rahming,13246101,WR/FLEX,3000,BAL@MIA 09/08/2019 01:00PM ET,MIA,0
WR,Ricardo Louis (13246103),Ricardo Louis,13246103,WR/FLEX,3000,BAL@MIA 09/08/2019 01:00PM ET,MIA,0
WR,Seth Roberts (13246105),Seth Roberts,13246105,WR/FLEX,3000,BAL@MIA 09/08/2019 01:00PM ET,BAL,7.13
WR,Miles Boykin (13246107),Miles Boykin,13246107,WR/FLEX,3000,BAL@MIA 09/08/2019 01:00PM ET,BAL,0
WR,Jaleel Scott (13246109),Jaleel Scott,13246109,WR/FLEX,3000,BAL@MIA 09/08/2019 01:00PM ET,BAL,0
WR,Michael Floyd (13246111),Michael Floyd,13246111,WR/FLEX,3000,BAL@MIA 09/08/2019 01:00PM ET,BAL,2.15
WR,Joe Horn Jr. (13246113),Joe Horn Jr.,13246113,WR/FLEX,3000,BAL@MIA 09/08/2019 01:00PM ET,BAL,0
WR,Antoine Wesley (13246115),Antoine Wesley,13246115,WR/FLEX,3000,BAL@MIA 09/08/2019 01:00PM ET,BAL,0
WR,Sean Modster (13246117),Sean Modster,13246117,WR/FLEX,3000,BAL@MIA 09/08/2019 01:00PM ET,BAL,0
WR,Jaylen Smith (13246119),Jaylen Smith,13246119,WR/FLEX,3000,BAL@MIA 09/08/2019 01:00PM ET,BAL,0
TE,Mike Gesicki (13246487),Mike Gesicki,13246487,TE/FLEX,3000,BAL@MIA 09/08/2019 01:00PM ET,MIA,2.58
TE,Mark Andrews (13246489),Mark Andrews,13246489,TE/FLEX,3000,BAL@MIA 09/08/2019 01:00PM ET,BAL,6.66
RB,Qadree Ollison (13245535),Qadree Ollison,13245535,RB/FLEX,3000,ATL@MIN 09/08/2019 01:00PM ET,ATL,0
RB,Brian Hill (13245537),Brian Hill,13245537,RB/FLEX,3000,ATL@MIN 09/08/2019 01:00PM ET,ATL,1.96
RB,Kenjon Barner (13245539),Kenjon Barner,13245539,RB/FLEX,3000,ATL@MIN 09/08/2019 01:00PM ET,ATL,0.93
RB,Tony Brooks-James (13245541),Tony Brooks-James,13245541,RB/FLEX,3000,ATL@MIN 09/08/2019 01:00PM ET,ATL,0
RB,Ricky Ortiz (13245543),Ricky Ortiz,13245543,RB/FLEX,3000,ATL@MIN 09/08/2019 01:00PM ET,ATL,0.34
RB,Ameer Abdullah (13245545),Ameer Abdullah,13245545,RB/FLEX,3000,ATL@MIN 09/08/2019 01:00PM ET,MIN,0.49
RB,Khari Blasingame (13245547),Khari Blasingame,13245547,RB/FLEX,3000,ATL@MIN 09/08/2019 01:00PM ET,MIN,0
RB,Mike Boone (13245549),Mike Boone,13245549,RB/FLEX,3000,ATL@MIN 09/08/2019 01:00PM ET,MIN,0.85
RB,De'Angelo Henderson (13245551),De'Angelo Henderson,13245551,RB/FLEX,3000,ATL@MIN 09/08/2019 01:00PM ET,MIN,0.3
RB,C.J. Ham (13245553),C.J. Ham,13245553,RB/FLEX,3000,ATL@MIN 09/08/2019 01:00PM ET,MIN,1.35
RB,Keith Smith (13245717),Keith Smith,13245717,RB/FLEX,3000,ATL@MIN 09/08/2019 01:00PM ET,ATL,0.46
WR,Russell Gage (13246121),Russell Gage,13246121,WR/FLEX,3000,ATL@MIN 09/08/2019 01:00PM ET,ATL,0.82
WR,Justin Hardy (13246123),Justin Hardy,13246123,WR/FLEX,3000,ATL@MIN 09/08/2019 01:00PM ET,ATL,2.46
WR,Devin Gray (13246125),Devin Gray,13246125,WR/FLEX,3000,ATL@MIN 09/08/2019 01:00PM ET,ATL,0
WR,Christian Blake (13246127),Christian Blake,13246127,WR/FLEX,3000,ATL@MIN 09/08/2019 01:00PM ET,ATL,0
WR,Marcus Green (13246129),Marcus Green,13246129,WR/FLEX,3000,ATL@MIN 09/08/2019 01:00PM ET,ATL,0
WR,Olamide Zaccheaus (13246131),Olamide Zaccheaus,13246131,WR/FLEX,3000,ATL@MIN 09/08/2019 01:00PM ET,ATL,0
WR,C.J. Worton (13246133),C.J. Worton,13246133,WR/FLEX,3000,ATL@MIN 09/08/2019 01:00PM ET,ATL,0
WR,Chad Beebe (13246135),Chad Beebe,13246135,WR/FLEX,3000,ATL@MIN 09/08/2019 01:00PM ET,MIN,2.63
WR,Jeff Badet (13246139),Jeff Badet,13246139,WR/FLEX,3000,ATL@MIN 09/08/2019 01:00PM ET,MIN,0
WR,Dillon Mitchell (13246141),Dillon Mitchell,13246141,WR/FLEX,3000,ATL@MIN 09/08/2019 01:00PM ET,MIN,0
WR,Laquon Treadwell (13246143),Laquon Treadwell,13246143,WR/FLEX,3000,ATL@MIN 09/08/2019 01:00PM ET,MIN,4.75
WR,Alexander Hollins (13246145),Alexander Hollins,13246145,WR/FLEX,3000,ATL@MIN 09/08/2019 01:00PM ET,MIN,0
WR,Davion Davis (13246147),Davion Davis,13246147,WR/FLEX,3000,ATL@MIN 09/08/2019 01:00PM ET,MIN,0
WR,Olabisi Johnson (13246149),Olabisi Johnson,13246149,WR/FLEX,3000,ATL@MIN 09/08/2019 01:00PM ET,MIN,0
RB,Senorise Perry (13245555),Senorise Perry,13245555,RB/FLEX,3000,BUF@NYJ 09/08/2019 01:00PM ET,BUF,0
RB,Marcus Murphy (13245557),Marcus Murphy,13245557,RB/FLEX,3000,BUF@NYJ 09/08/2019 01:00PM ET,BUF,3.51
RB,Christian Wade (13245559),Christian Wade,13245559,RB/FLEX,3000,BUF@NYJ 09/08/2019 01:00PM ET,BUF,0
RB,Patrick DiMarco (13245561),Patrick DiMarco,13245561,RB/FLEX,3000,BUF@NYJ 09/08/2019 01:00PM ET,BUF,0.63
RB,Trenton Cannon (13245563),Trenton Cannon,13245563,RB/FLEX,3000,BUF@NYJ 09/08/2019 01:00PM ET,NYJ,3.04
RB,Valentine Holmes (13245565),Valentine Holmes,13245565,RB/FLEX,3000,BUF@NYJ 09/08/2019 01:00PM ET,NYJ,0
RB,Jalin Moore (13245567),Jalin Moore,13245567,RB/FLEX,3000,BUF@NYJ 09/08/2019 01:00PM ET,NYJ,0
WR,Andre Roberts (13246151),Andre Roberts,13246151,WR/FLEX,3000,BUF@NYJ 09/08/2019 01:00PM ET,BUF,2.31
WR,Isaiah McKenzie (13246155),Isaiah McKenzie,13246155,WR/FLEX,3000,BUF@NYJ 09/08/2019 01:00PM ET,BUF,6.69
WR,Duke Williams (13246157),Duke Williams,13246157,WR/FLEX,3000,BUF@NYJ 09/08/2019 01:00PM ET,BUF,0
WR,David Sills V (13246159),David Sills V,13246159,WR/FLEX,3000,BUF@NYJ 09/08/2019 01:00PM ET,BUF,0
WR,Cam Phillips (13246161),Cam Phillips,13246161,WR/FLEX,3000,BUF@NYJ 09/08/2019 01:00PM ET,BUF,0.95
WR,Nick Easley (13246163),Nick Easley,13246163,WR/FLEX,3000,BUF@NYJ 09/08/2019 01:00PM ET,BUF,0
WR,Victor Bolden Jr. (13246165),Victor Bolden Jr.,13246165,WR/FLEX,3000,BUF@NYJ 09/08/2019 01:00PM ET,BUF,0.33
WR,Deontay Burnett (13246167),Deontay Burnett,13246167,WR/FLEX,3000,BUF@NYJ 09/08/2019 01:00PM ET,NYJ,4.86
WR,Josh Bellamy (13246169),Josh Bellamy,13246169,WR/FLEX,3000,BUF@NYJ 09/08/2019 01:00PM ET,NYJ,2.24
WR,Greg Dortch (13246171),Greg Dortch,13246171,WR/FLEX,3000,BUF@NYJ 09/08/2019 01:00PM ET,NYJ,0
WR,Tim White (13246173),Tim White,13246173,WR/FLEX,3000,BUF@NYJ 09/08/2019 01:00PM ET,NYJ,0.8
WR,Deonte Thompson (13246175),Deonte Thompson,13246175,WR/FLEX,3000,BUF@NYJ 09/08/2019 01:00PM ET,NYJ,2.55
WR,Charone Peake (13246177),Charone Peake,13246177,WR/FLEX,3000,BUF@NYJ 09/08/2019 01:00PM ET,NYJ,0.35
WR,Quincy Adeboyejo (13246179),Quincy Adeboyejo,13246179,WR/FLEX,3000,BUF@NYJ 09/08/2019 01:00PM ET,NYJ,0
WR,Jeff Smith (13246181),Jeff Smith,13246181,WR/FLEX,3000,BUF@NYJ 09/08/2019 01:00PM ET,NYJ,0
WR,Braxton Berrios (13246355),Braxton Berrios,13246355,WR/FLEX,3000,BUF@NYJ 09/08/2019 01:00PM ET,NYJ,0
DST,Bills  (13246865),Bills ,13246865,DST,3000,BUF@NYJ 09/08/2019 01:00PM ET,BUF,6.69
RB,Boston Scott (13245569),Boston Scott,13245569,RB/FLEX,3000,WAS@PHI 09/08/2019 01:00PM ET,PHI,0
RB,Donnel Pumphrey (13245571),Donnel Pumphrey,13245571,RB/FLEX,3000,WAS@PHI 09/08/2019 01:00PM ET,PHI,0
RB,Bryce Love (13245575),Bryce Love,13245575,RB/FLEX,3000,WAS@PHI 09/08/2019 01:00PM ET,WAS,0
RB,Byron Marshall (13245577),Byron Marshall,13245577,RB/FLEX,3000,WAS@PHI 09/08/2019 01:00PM ET,WAS,1.32
RB,Shaun Wilson (13245579),Shaun Wilson,13245579,RB/FLEX,3000,WAS@PHI 09/08/2019 01:00PM ET,WAS,1.28
RB,Craig Reynolds (13245581),Craig Reynolds,13245581,RB/FLEX,3000,WAS@PHI 09/08/2019 01:00PM ET,WAS,0
WR,Mack Hollins (13246183),Mack Hollins,13246183,WR/FLEX,3000,WAS@PHI 09/08/2019 01:00PM ET,PHI,0
WR,Marken Michel (13246185),Marken Michel,13246185,WR/FLEX,3000,WAS@PHI 09/08/2019 01:00PM ET,PHI,0
WR,Greg Ward (13246187),Greg Ward,13246187,WR/FLEX,3000,WAS@PHI 09/08/2019 01:00PM ET,PHI,0
WR,Carlton Agudosi (13246189),Carlton Agudosi,13246189,WR/FLEX,3000,WAS@PHI 09/08/2019 01:00PM ET,PHI,0
WR,DeAndre Thompkins (13246191),DeAndre Thompkins,13246191,WR/FLEX,3000,WAS@PHI 09/08/2019 01:00PM ET,PHI,0
WR,Kelvin Harmon (13246193),Kelvin Harmon,13246193,WR/FLEX,3000,WAS@PHI 09/08/2019 01:00PM ET,WAS,0
WR,Cam Sims (13246195),Cam Sims,13246195,WR/FLEX,3000,WAS@PHI 09/08/2019 01:00PM ET,WAS,0
WR,Robert Davis (13246197),Robert Davis,13246197,WR/FLEX,3000,WAS@PHI 09/08/2019 01:00PM ET,WAS,0
WR,Steven Sims Jr. (13246199),Steven Sims Jr.,13246199,WR/FLEX,3000,WAS@PHI 09/08/2019 01:00PM ET,WAS,0
WR,Darvin Kidsy Jr. (13246201),Darvin Kidsy Jr.,13246201,WR/FLEX,3000,WAS@PHI 09/08/2019 01:00PM ET,WAS,0.9
WR,Brian Quick (13246203),Brian Quick,13246203,WR/FLEX,3000,WAS@PHI 09/08/2019 01:00PM ET,WAS,0.8
WR,Jehu Chesson (13246205),Jehu Chesson,13246205,WR/FLEX,3000,WAS@PHI 09/08/2019 01:00PM ET,WAS,0.11
RB,Jordan Wilkins (13245583),Jordan Wilkins,13245583,RB/FLEX,3000,IND@LAC 09/08/2019 04:05PM ET,IND,3.5
RB,Jonathan Williams (13245585),Jonathan Williams,13245585,RB/FLEX,3000,IND@LAC 09/08/2019 04:05PM ET,IND,0.37
RB,Aca'Cedric Ware (13245587),Aca'Cedric Ware,13245587,RB/FLEX,3000,IND@LAC 09/08/2019 04:05PM ET,IND,0
RB,Charcandrick West (13245589),Charcandrick West,13245589,RB/FLEX,3000,IND@LAC 09/08/2019 04:05PM ET,IND,2.32
RB,Marquis Young (13245591),Marquis Young,13245591,RB/FLEX,3000,IND@LAC 09/08/2019 04:05PM ET,IND,0
RB,Detrez Newsome (13245593),Detrez Newsome,13245593,RB/FLEX,3000,IND@LAC 09/08/2019 04:05PM ET,LAC,0.88
RB,Troymaine Pope (13245595),Troymaine Pope,13245595,RB/FLEX,3000,IND@LAC 09/08/2019 04:05PM ET,LAC,0
RB,Jeremy Cox (13245597),Jeremy Cox,13245597,RB/FLEX,3000,IND@LAC 09/08/2019 04:05PM ET,LAC,0
RB,Derrick Gore (13245599),Derrick Gore,13245599,RB/FLEX,3000,IND@LAC 09/08/2019 04:05PM ET,LAC,0
RB,Derek Watt (13245601),Derek Watt,13245601,RB/FLEX,3000,IND@LAC 09/08/2019 04:05PM ET,LAC,0.19
WR,Deon Cain (13246207),Deon Cain,13246207,WR/FLEX,3000,IND@LAC 09/08/2019 04:05PM ET,IND,0
WR,Marcus Johnson (13246209),Marcus Johnson,13246209,WR/FLEX,3000,IND@LAC 09/08/2019 04:05PM ET,IND,4.4
WR,Roger Lewis (13246211),Roger Lewis,13246211,WR/FLEX,3000,IND@LAC 09/08/2019 04:05PM ET,IND,0
WR,Krishawn Hogan (13246213),Krishawn Hogan,13246213,WR/FLEX,3000,IND@LAC 09/08/2019 04:05PM ET,IND,0
WR,Jordan Veasy (13246215),Jordan Veasy,13246215,WR/FLEX,3000,IND@LAC 09/08/2019 04:05PM ET,IND,0
WR,Penny Hart (13246217),Penny Hart,13246217,WR/FLEX,3000,IND@LAC 09/08/2019 04:05PM ET,IND,0
WR,Ashton Dulin (13246219),Ashton Dulin,13246219,WR/FLEX,3000,IND@LAC 09/08/2019 04:05PM ET,IND,0
WR,Geremy Davis (13246221),Geremy Davis,13246221,WR/FLEX,3000,IND@LAC 09/08/2019 04:05PM ET,LAC,0
WR,Artavis Scott (13246223),Artavis Scott,13246223,WR/FLEX,3000,IND@LAC 09/08/2019 04:05PM ET,LAC,0
WR,Andre Patton (13246225),Andre Patton,13246225,WR/FLEX,3000,IND@LAC 09/08/2019 04:05PM ET,LAC,0
WR,Justice Liggins (13246227),Justice Liggins,13246227,WR/FLEX,3000,IND@LAC 09/08/2019 04:05PM ET,LAC,0
WR,Jason Moore (13246229),Jason Moore,13246229,WR/FLEX,3000,IND@LAC 09/08/2019 04:05PM ET,LAC,0
WR,Malachi Dupre (13246231),Malachi Dupre,13246231,WR/FLEX,3000,IND@LAC 09/08/2019 04:05PM ET,LAC,0
WR,Jordan Smallwood (13246233),Jordan Smallwood,13246233,WR/FLEX,3000,IND@LAC 09/08/2019 04:05PM ET,LAC,0
DST,Chargers  (13246866),Chargers ,13246866,DST,3000,IND@LAC 09/08/2019 04:05PM ET,LAC,6.78
RB,Samaje Perine (13245573),Samaje Perine,13245573,RB/FLEX,3000,CIN@SEA 09/08/2019 04:05PM ET,CIN,1.34
RB,Trayveon Williams (13245603),Trayveon Williams,13245603,RB/FLEX,3000,CIN@SEA 09/08/2019 04:05PM ET,CIN,0
RB,Rodney Anderson (13245605),Rodney Anderson,13245605,RB/FLEX,3000,CIN@SEA 09/08/2019 04:05PM ET,CIN,0
RB,Quinton Flowers (13245607),Quinton Flowers,13245607,RB/FLEX,3000,CIN@SEA 09/08/2019 04:05PM ET,CIN,0
RB,Jordan Ellis (13245609),Jordan Ellis,13245609,RB/FLEX,3000,CIN@SEA 09/08/2019 04:05PM ET,CIN,0
RB,C.J. Prosise (13245611),C.J. Prosise,13245611,RB/FLEX,3000,CIN@SEA 09/08/2019 04:05PM ET,SEA,0.98
RB,Travis Homer (13245613),Travis Homer,13245613,RB/FLEX,3000,CIN@SEA 09/08/2019 04:05PM ET,SEA,0
RB,Bo Scarbrough (13245615),Bo Scarbrough,13245615,RB/FLEX,3000,CIN@SEA 09/08/2019 04:05PM ET,SEA,0
RB,Xavier Turner (13245617),Xavier Turner,13245617,RB/FLEX,3000,CIN@SEA 09/08/2019 04:05PM ET,SEA,0
RB,Nick Bellore (13245619),Nick Bellore,13245619,RB/FLEX,3000,CIN@SEA 09/08/2019 04:05PM ET,SEA,0.39
WR,Damion Willis (13246235),Damion Willis,13246235,WR/FLEX,3000,CIN@SEA 09/08/2019 04:05PM ET,CIN,0
WR,Auden Tate (13246237),Auden Tate,13246237,WR/FLEX,3000,CIN@SEA 09/08/2019 04:05PM ET,CIN,1.07
WR,Josh Malone (13246239),Josh Malone,13246239,WR/FLEX,3000,CIN@SEA 09/08/2019 04:05PM ET,CIN,0.24
WR,Hunter Sharp (13246243),Hunter Sharp,13246243,WR/FLEX,3000,CIN@SEA 09/08/2019 04:05PM ET,CIN,0
WR,Stanley Morgan (13246245),Stanley Morgan,13246245,WR/FLEX,3000,CIN@SEA 09/08/2019 04:05PM ET,CIN,0
WR,Ventell Bryant (13246247),Ventell Bryant,13246247,WR/FLEX,3000,CIN@SEA 09/08/2019 04:05PM ET,CIN,0
WR,Gary Jennings (13246249),Gary Jennings,13246249,WR/FLEX,3000,CIN@SEA 09/08/2019 04:05PM ET,SEA,0
WR,John Ursua (13246251),John Ursua,13246251,WR/FLEX,3000,CIN@SEA 09/08/2019 04:05PM ET,SEA,0
WR,Malik Turner (13246253),Malik Turner,13246253,WR/FLEX,3000,CIN@SEA 09/08/2019 04:05PM ET,SEA,0.67
WR,Jazz Ferguson (13246255),Jazz Ferguson,13246255,WR/FLEX,3000,CIN@SEA 09/08/2019 04:05PM ET,SEA,0
WR,Keenan Reynolds (13246257),Keenan Reynolds,13246257,WR/FLEX,3000,CIN@SEA 09/08/2019 04:05PM ET,SEA,0
WR,Terry Wright (13246259),Terry Wright,13246259,WR/FLEX,3000,CIN@SEA 09/08/2019 04:05PM ET,SEA,0
WR,Nyqwan Murray (13246261),Nyqwan Murray,13246261,WR/FLEX,3000,CIN@SEA 09/08/2019 04:05PM ET,SEA,0
WR,Kahlil Lewis (13246263),Kahlil Lewis,13246263,WR/FLEX,3000,CIN@SEA 09/08/2019 04:05PM ET,SEA,0
WR,Pharoh Cooper (13246287),Pharoh Cooper,13246287,WR/FLEX,3000,CIN@SEA 09/08/2019 04:05PM ET,CIN,0
RB,Ty Johnson (13245621),Ty Johnson,13245621,RB/FLEX,3000,DET@ARI 09/08/2019 04:25PM ET,DET,0
RB,Mark Thompson (13245623),Mark Thompson,13245623,RB/FLEX,3000,DET@ARI 09/08/2019 04:25PM ET,DET,0
RB,James Williams (13245625),James Williams,13245625,RB/FLEX,3000,DET@ARI 09/08/2019 04:25PM ET,DET,0
RB,Justin Stockton (13245627),Justin Stockton,13245627,RB/FLEX,3000,DET@ARI 09/08/2019 04:25PM ET,DET,0
RB,Nick Bawden (13245629),Nick Bawden,13245629,RB/FLEX,3000,DET@ARI 09/08/2019 04:25PM ET,DET,0
RB,D.J. Foster (13245633),D.J. Foster,13245633,RB/FLEX,3000,DET@ARI 09/08/2019 04:25PM ET,ARI,0
RB,Dontae Strickland (13245635),Dontae Strickland,13245635,RB/FLEX,3000,DET@ARI 09/08/2019 04:25PM ET,ARI,0
RB,Wes Hills (13245637),Wes Hills,13245637,RB/FLEX,3000,DET@ARI 09/08/2019 04:25PM ET,ARI,0
WR,Chris Lacy (13246265),Chris Lacy,13246265,WR/FLEX,3000,DET@ARI 09/08/2019 04:25PM ET,DET,0
WR,Andy Jones (13246267),Andy Jones,13246267,WR/FLEX,3000,DET@ARI 09/08/2019 04:25PM ET,DET,3.12
WR,Travis Fulgham (13246269),Travis Fulgham,13246269,WR/FLEX,3000,DET@ARI 09/08/2019 04:25PM ET,DET,0
WR,Brandon Powell (13246271),Brandon Powell,13246271,WR/FLEX,3000,DET@ARI 09/08/2019 04:25PM ET,DET,4.55
WR,Tom Kennedy (13246273),Tom Kennedy,13246273,WR/FLEX,3000,DET@ARI 09/08/2019 04:25PM ET,DET,0
WR,Tommylee Lewis (13246275),Tommylee Lewis,13246275,WR/FLEX,3000,DET@ARI 09/08/2019 04:25PM ET,DET,1.67
WR,Jonathan Duhart (13246277),Jonathan Duhart,13246277,WR/FLEX,3000,DET@ARI 09/08/2019 04:25PM ET,DET,0
WR,Jordan Lasley (13246279),Jordan Lasley,13246279,WR/FLEX,3000,DET@ARI 09/08/2019 04:25PM ET,DET,0
WR,Trent Sherfield (13246281),Trent Sherfield,13246281,WR/FLEX,3000,DET@ARI 09/08/2019 04:25PM ET,ARI,3.54
WR,KeeSean Johnson (13246283),KeeSean Johnson,13246283,WR/FLEX,3000,DET@ARI 09/08/2019 04:25PM ET,ARI,0
WR,Damiere Byrd (13246285),Damiere Byrd,13246285,WR/FLEX,3000,DET@ARI 09/08/2019 04:25PM ET,ARI,0.22
WR,Chad Williams (13246289),Chad Williams,13246289,WR/FLEX,3000,DET@ARI 09/08/2019 04:25PM ET,ARI,4.1
WR,A.J. Richardson (13246291),A.J. Richardson,13246291,WR/FLEX,3000,DET@ARI 09/08/2019 04:25PM ET,ARI,0
WR,Isaac Zico (13246293),Isaac Zico,13246293,WR/FLEX,3000,DET@ARI 09/08/2019 04:25PM ET,ARI,0
RB,Jordan Chunn (13245639),Jordan Chunn,13245639,RB/FLEX,3000,NYG@DAL 09/08/2019 04:25PM ET,DAL,0
RB,Darius Jackson (13245641),Darius Jackson,13245641,RB/FLEX,3000,NYG@DAL 09/08/2019 04:25PM ET,DAL,0.4
RB,Ryan Yurachek (13245643),Ryan Yurachek,13245643,RB/FLEX,3000,NYG@DAL 09/08/2019 04:25PM ET,DAL,0
RB,Jamize Olawale (13245645),Jamize Olawale,13245645,RB/FLEX,3000,NYG@DAL 09/08/2019 04:25PM ET,DAL,0.18
RB,Wayne Gallman Jr. (13245647),Wayne Gallman Jr.,13245647,RB/FLEX,3000,NYG@DAL 09/08/2019 04:25PM ET,NYG,3.03
RB,Rod Smith (13245649),Rod Smith,13245649,RB/FLEX,3000,NYG@DAL 09/08/2019 04:25PM ET,NYG,1.88
RB,Jon Hilliman (13245651),Jon Hilliman,13245651,RB/FLEX,3000,NYG@DAL 09/08/2019 04:25PM ET,NYG,0
RB,Elijhaa Penny (13245653),Elijhaa Penny,13245653,RB/FLEX,3000,NYG@DAL 09/08/2019 04:25PM ET,NYG,1.11
WR,Cody Core (13246241),Cody Core,13246241,WR/FLEX,3000,NYG@DAL 09/08/2019 04:25PM ET,NYG,2.64
WR,Tavon Austin (13246295),Tavon Austin,13246295,WR/FLEX,3000,NYG@DAL 09/08/2019 04:25PM ET,DAL,4.63
WR,Noah Brown (13246297),Noah Brown,13246297,WR/FLEX,3000,NYG@DAL 09/08/2019 04:25PM ET,DAL,1.43
WR,Devin Smith (13246299),Devin Smith,13246299,WR/FLEX,3000,NYG@DAL 09/08/2019 04:25PM ET,DAL,0
WR,Cedrick Wilson (13246301),Cedrick Wilson,13246301,WR/FLEX,3000,NYG@DAL 09/08/2019 04:25PM ET,DAL,0
WR,Jon'Vea Johnson (13246303),Jon'Vea Johnson,13246303,WR/FLEX,3000,NYG@DAL 09/08/2019 04:25PM ET,DAL,0
WR,Reggie Davis (13246305),Reggie Davis,13246305,WR/FLEX,3000,NYG@DAL 09/08/2019 04:25PM ET,DAL,0
WR,Jalen Guyton (13246307),Jalen Guyton,13246307,WR/FLEX,3000,NYG@DAL 09/08/2019 04:25PM ET,DAL,0
WR,Bennie Fowler III (13246309),Bennie Fowler III,13246309,WR/FLEX,3000,NYG@DAL 09/08/2019 04:25PM ET,NYG,4.19
WR,Russell Shepard (13246311),Russell Shepard,13246311,WR/FLEX,3000,NYG@DAL 09/08/2019 04:25PM ET,NYG,3.4
WR,Alonzo Russell (13246313),Alonzo Russell,13246313,WR/FLEX,3000,NYG@DAL 09/08/2019 04:25PM ET,NYG,0
WR,Brittan Golden (13246315),Brittan Golden,13246315,WR/FLEX,3000,NYG@DAL 09/08/2019 04:25PM ET,NYG,0
WR,Reggie White Jr. (13246317),Reggie White Jr.,13246317,WR/FLEX,3000,NYG@DAL 09/08/2019 04:25PM ET,NYG,0
WR,TJ Jones (13246319),TJ Jones,13246319,WR/FLEX,3000,NYG@DAL 09/08/2019 04:25PM ET,NYG,3.33
WR,Alex Wesley (13246321),Alex Wesley,13246321,WR/FLEX,3000,NYG@DAL 09/08/2019 04:25PM ET,NYG,0
TE,Jason Witten (13246491),Jason Witten,13246491,TE/FLEX,3000,NYG@DAL 09/08/2019 04:25PM ET,DAL,0
RB,T.J. Logan (13245631),T.J. Logan,13245631,RB/FLEX,3000,SF@TB 09/08/2019 04:25PM ET,TB,1.09
RB,Jeff Wilson Jr. (13245655),Jeff Wilson Jr.,13245655,RB/FLEX,3000,SF@TB 09/08/2019 04:25PM ET,SF,7.73
RB,Austin Walter (13245657),Austin Walter,13245657,RB/FLEX,3000,SF@TB 09/08/2019 04:25PM ET,SF,0
RB,Brandon Wilds (13245659),Brandon Wilds,13245659,RB/FLEX,3000,SF@TB 09/08/2019 04:25PM ET,SF,0.5
RB,Kyle Juszczyk (13245661),Kyle Juszczyk,13245661,RB/FLEX,3000,SF@TB 09/08/2019 04:25PM ET,SF,4.34
RB,Andre Ellington (13245663),Andre Ellington,13245663,RB/FLEX,3000,SF@TB 09/08/2019 04:25PM ET,TB,0
RB,Dare Ogunbowale (13245665),Dare Ogunbowale,13245665,RB/FLEX,3000,SF@TB 09/08/2019 04:25PM ET,TB,0
WR,Trent Taylor (13246323),Trent Taylor,13246323,WR/FLEX,3000,SF@TB 09/08/2019 04:25PM ET,SF,3.96
WR,Jalen Hurd (13246325),Jalen Hurd,13246325,WR/FLEX,3000,SF@TB 09/08/2019 04:25PM ET,SF,0
WR,Jordan Matthews (13246327),Jordan Matthews,13246327,WR/FLEX,3000,SF@TB 09/08/2019 04:25PM ET,SF,4.54
WR,Kendrick Bourne (13246329),Kendrick Bourne,13246329,WR/FLEX,3000,SF@TB 09/08/2019 04:25PM ET,SF,7.17
WR,Richie James Jr. (13246331),Richie James Jr.,13246331,WR/FLEX,3000,SF@TB 09/08/2019 04:25PM ET,SF,2.54
WR,Malik Henry (13246333),Malik Henry,13246333,WR/FLEX,3000,SF@TB 09/08/2019 04:25PM ET,SF,0
WR,Chris Thompson (13246335),Chris Thompson,13246335,WR/FLEX,3000,SF@TB 09/08/2019 04:25PM ET,SF,0
WR,Nick Williams (13246337),Nick Williams,13246337,WR/FLEX,3000,SF@TB 09/08/2019 04:25PM ET,SF,0.92
WR,Bobo Wilson (13246339),Bobo Wilson,13246339,WR/FLEX,3000,SF@TB 09/08/2019 04:25PM ET,TB,1.84
WR,Scotty Miller (13246341),Scotty Miller,13246341,WR/FLEX,3000,SF@TB 09/08/2019 04:25PM ET,TB,0
WR,Anthony Johnson (13246343),Anthony Johnson,13246343,WR/FLEX,3000,SF@TB 09/08/2019 04:25PM ET,TB,0
WR,Emanuel Hall (13246345),Emanuel Hall,13246345,WR/FLEX,3000,SF@TB 09/08/2019 04:25PM ET,TB,0
WR,DaMarkus Lodge (13246347),DaMarkus Lodge,13246347,WR/FLEX,3000,SF@TB 09/08/2019 04:25PM ET,TB,0
WR,K.J. Brent (13246349),K.J. Brent,13246349,WR/FLEX,3000,SF@TB 09/08/2019 04:25PM ET,TB,0
WR,Spencer Schnell (13246351),Spencer Schnell,13246351,WR/FLEX,3000,SF@TB 09/08/2019 04:25PM ET,TB,0
WR,Cortrelle Simpson (13246353),Cortrelle Simpson,13246353,WR/FLEX,3000,SF@TB 09/08/2019 04:25PM ET,TB,0
RB,Brandon Bolden (13245667),Brandon Bolden,13245667,RB/FLEX,3000,PIT@NE 09/08/2019 08:20PM ET,NE,1.9
RB,Nick Brossette (13245669),Nick Brossette,13245669,RB/FLEX,3000,PIT@NE 09/08/2019 08:20PM ET,NE,0
RB,Jakob Johnson (13245671),Jakob Johnson,13245671,RB/FLEX,3000,PIT@NE 09/08/2019 08:20PM ET,NE,0
RB,James Develin (13245673),James Develin,13245673,RB/FLEX,3000,PIT@NE 09/08/2019 08:20PM ET,NE,2.38
RB,Trey Edmunds (13245675),Trey Edmunds,13245675,RB/FLEX,3000,PIT@NE 09/08/2019 08:20PM ET,PIT,0
RB,Malik Williams (13245677),Malik Williams,13245677,RB/FLEX,3000,PIT@NE 09/08/2019 08:20PM ET,PIT,0
RB,Travon McMillian (13245679),Travon McMillian,13245679,RB/FLEX,3000,PIT@NE 09/08/2019 08:20PM ET,PIT,0
RB,Roosevelt Nix (13245681),Roosevelt Nix,13245681,RB/FLEX,3000,PIT@NE 09/08/2019 08:20PM ET,PIT,0.51
WR,Cameron Meredith (13246357),Cameron Meredith,13246357,WR/FLEX,3000,PIT@NE 09/08/2019 08:20PM ET,NE,4.23
WR,Matthew Slater (13246359),Matthew Slater,13246359,WR/FLEX,3000,PIT@NE 09/08/2019 08:20PM ET,NE,0
WR,Damoun Patterson (13246361),Damoun Patterson,13246361,WR/FLEX,3000,PIT@NE 09/08/2019 08:20PM ET,NE,0
WR,Ryan Davis (13246363),Ryan Davis,13246363,WR/FLEX,3000,PIT@NE 09/08/2019 08:20PM ET,NE,0
WR,Gunner Olszewski (13246365),Gunner Olszewski,13246365,WR/FLEX,3000,PIT@NE 09/08/2019 08:20PM ET,NE,0
WR,Eli Rogers (13246367),Eli Rogers,13246367,WR/FLEX,3000,PIT@NE 09/08/2019 08:20PM ET,PIT,7.17
WR,Diontae Johnson (13246369),Diontae Johnson,13246369,WR/FLEX,3000,PIT@NE 09/08/2019 08:20PM ET,PIT,0
WR,Tevin Jones (13246371),Tevin Jones,13246371,WR/FLEX,3000,PIT@NE 09/08/2019 08:20PM ET,PIT,0
WR,Trey Griffey (13246375),Trey Griffey,13246375,WR/FLEX,3000,PIT@NE 09/08/2019 08:20PM ET,PIT,0
WR,Johnny Holton (13246377),Johnny Holton,13246377,WR/FLEX,3000,PIT@NE 09/08/2019 08:20PM ET,PIT,0
WR,Brandon Reilly (13246379),Brandon Reilly,13246379,WR/FLEX,3000,PIT@NE 09/08/2019 08:20PM ET,PIT,0
RB,Damarea Crockett (13245683),Damarea Crockett,13245683,RB/FLEX,3000,HOU@NO 09/09/2019 07:10PM ET,HOU,0
RB,Taiwan Jones (13245685),Taiwan Jones,13245685,RB/FLEX,3000,HOU@NO 09/09/2019 07:10PM ET,HOU,0
RB,Karan Higdon Jr. (13245687),Karan Higdon Jr.,13245687,RB/FLEX,3000,HOU@NO 09/09/2019 07:10PM ET,HOU,0
RB,Cullen Gillaspia (13245689),Cullen Gillaspia,13245689,RB/FLEX,3000,HOU@NO 09/09/2019 07:10PM ET,HOU,0
RB,Kerwynn Williams (13245693),Kerwynn Williams,13245693,RB/FLEX,3000,HOU@NO 09/09/2019 07:10PM ET,NO,0
RB,Michael Burton (13245695),Michael Burton,13245695,RB/FLEX,3000,HOU@NO 09/09/2019 07:10PM ET,NO,0.18
RB,Zach Line (13245697),Zach Line,13245697,RB/FLEX,3000,HOU@NO 09/09/2019 07:10PM ET,NO,1.27
WR,Vyncint Smith (13246381),Vyncint Smith,13246381,WR/FLEX,3000,HOU@NO 09/09/2019 07:10PM ET,HOU,2.51
WR,Steven Mitchell Jr. (13246383),Steven Mitchell Jr.,13246383,WR/FLEX,3000,HOU@NO 09/09/2019 07:10PM ET,HOU,0
WR,Tyron Johnson (13246385),Tyron Johnson,13246385,WR/FLEX,3000,HOU@NO 09/09/2019 07:10PM ET,HOU,0
WR,Jester Weah (13246387),Jester Weah,13246387,WR/FLEX,3000,HOU@NO 09/09/2019 07:10PM ET,HOU,0
WR,Chad Hansen (13246389),Chad Hansen,13246389,WR/FLEX,3000,HOU@NO 09/09/2019 07:10PM ET,HOU,0
WR,Johnnie Dixon (13246391),Johnnie Dixon,13246391,WR/FLEX,3000,HOU@NO 09/09/2019 07:10PM ET,HOU,0
WR,Floyd Allen (13246393),Floyd Allen,13246393,WR/FLEX,3000,HOU@NO 09/09/2019 07:10PM ET,HOU,0
WR,Austin Carr (13246395),Austin Carr,13246395,WR/FLEX,3000,HOU@NO 09/09/2019 07:10PM ET,NO,2.15
WR,Simmie Cobbs Jr. (13246397),Simmie Cobbs Jr.,13246397,WR/FLEX,3000,HOU@NO 09/09/2019 07:10PM ET,NO,0
WR,Emmanuel Butler (13246399),Emmanuel Butler,13246399,WR/FLEX,3000,HOU@NO 09/09/2019 07:10PM ET,NO,0
WR,Travin Dural (13246401),Travin Dural,13246401,WR/FLEX,3000,HOU@NO 09/09/2019 07:10PM ET,NO,0
WR,Deonte Harris (13246403),Deonte Harris,13246403,WR/FLEX,3000,HOU@NO 09/09/2019 07:10PM ET,NO,0
WR,Cyril Grayson Jr. (13246405),Cyril Grayson Jr.,13246405,WR/FLEX,3000,HOU@NO 09/09/2019 07:10PM ET,NO,0
WR,Lil'Jordan Humphrey (13246407),Lil'Jordan Humphrey,13246407,WR/FLEX,3000,HOU@NO 09/09/2019 07:10PM ET,NO,0
RB,Devontae Booker (13245699),Devontae Booker,13245699,RB/FLEX,3000,DEN@OAK 09/09/2019 10:20PM ET,DEN,5.55
RB,Khalfani Muhammad (13245701),Khalfani Muhammad,13245701,RB/FLEX,3000,DEN@OAK 09/09/2019 10:20PM ET,DEN,0
RB,Devontae Jackson (13245703),Devontae Jackson,13245703,RB/FLEX,3000,DEN@OAK 09/09/2019 10:20PM ET,DEN,0
RB,David Williams (13245705),David Williams,13245705,RB/FLEX,3000,DEN@OAK 09/09/2019 10:20PM ET,DEN,0.6
RB,Andy Janovich (13245707),Andy Janovich,13245707,RB/FLEX,3000,DEN@OAK 09/09/2019 10:20PM ET,DEN,1.61
RB,George Aston (13245709),George Aston,13245709,RB/FLEX,3000,DEN@OAK 09/09/2019 10:20PM ET,DEN,0
RB,James Butler (13245711),James Butler,13245711,RB/FLEX,3000,DEN@OAK 09/09/2019 10:20PM ET,OAK,0
RB,Mack Brown (13245713),Mack Brown,13245713,RB/FLEX,3000,DEN@OAK 09/09/2019 10:20PM ET,OAK,0
RB,Isaiah Crowell (13245715),Isaiah Crowell,13245715,RB/FLEX,3000,DEN@OAK 09/09/2019 10:20PM ET,OAK,11.28
RB,Alec Ingold (13245719),Alec Ingold,13245719,RB/FLEX,3000,DEN@OAK 09/09/2019 10:20PM ET,OAK,0
WR,Diontae Spencer (13246373),Diontae Spencer,13246373,WR/FLEX,3000,DEN@OAK 09/09/2019 10:20PM ET,DEN,0
WR,Juwann Winfree (13246409),Juwann Winfree,13246409,WR/FLEX,3000,DEN@OAK 09/09/2019 10:20PM ET,DEN,0
WR,Fred Brown (13246411),Fred Brown,13246411,WR/FLEX,3000,DEN@OAK 09/09/2019 10:20PM ET,DEN,0
WR,Kelvin McKnight (13246413),Kelvin McKnight,13246413,WR/FLEX,3000,DEN@OAK 09/09/2019 10:20PM ET,DEN,0
WR,Trinity Benson (13246415),Trinity Benson,13246415,WR/FLEX,3000,DEN@OAK 09/09/2019 10:20PM ET,DEN,0
WR,River Cracraft (13246417),River Cracraft,13246417,WR/FLEX,3000,DEN@OAK 09/09/2019 10:20PM ET,DEN,0.55
WR,Brendan Langley (13246419),Brendan Langley,13246419,WR/FLEX,3000,DEN@OAK 09/09/2019 10:20PM ET,DEN,0
WR,Steven Dunbar Jr. (13246421),Steven Dunbar Jr.,13246421,WR/FLEX,3000,DEN@OAK 09/09/2019 10:20PM ET,DEN,0
WR,Ryan Grant (13246423),Ryan Grant,13246423,WR/FLEX,3000,DEN@OAK 09/09/2019 10:20PM ET,OAK,5.31
WR,Marcell Ateman (13246425),Marcell Ateman,13246425,WR/FLEX,3000,DEN@OAK 09/09/2019 10:20PM ET,OAK,5.2
WR,Dwayne Harris (13246427),Dwayne Harris,13246427,WR/FLEX,3000,DEN@OAK 09/09/2019 10:20PM ET,OAK,1.15
WR,Keon Hatcher (13246429),Keon Hatcher,13246429,WR/FLEX,3000,DEN@OAK 09/09/2019 10:20PM ET,OAK,0.6
WR,De'Mornay Pierson-El (13246431),De'Mornay Pierson-El,13246431,WR/FLEX,3000,DEN@OAK 09/09/2019 10:20PM ET,OAK,0
WR,Keelan Doss (13246433),Keelan Doss,13246433,WR/FLEX,3000,DEN@OAK 09/09/2019 10:20PM ET,OAK,0
WR,Rico Gafford (13246435),Rico Gafford,13246435,WR/FLEX,3000,DEN@OAK 09/09/2019 10:20PM ET,OAK,0
WR,Jalin Marshall (13246437),Jalin Marshall,13246437,WR/FLEX,3000,DEN@OAK 09/09/2019 10:20PM ET,OAK,0
TE,Darren Waller (13246493),Darren Waller,13246493,TE/FLEX,3000,DEN@OAK 09/09/2019 10:20PM ET,OAK,3.9
TE,Gerald Everett (13246495),Gerald Everett,13246495,TE/FLEX,2900,LAR@CAR 09/08/2019 01:00PM ET,LAR,4.93
TE,Geoff Swaim (13246497),Geoff Swaim,13246497,TE/FLEX,2900,KC@JAX 09/08/2019 01:00PM ET,JAX,6.24
TE,Dallas Goedert (13246499),Dallas Goedert,13246499,TE/FLEX,2900,WAS@PHI 09/08/2019 01:00PM ET,PHI,5.58
TE,Will Dissly (13246501),Will Dissly,13246501,TE/FLEX,2900,CIN@SEA 09/08/2019 04:05PM ET,SEA,9.65
DST,Lions  (13246867),Lions ,13246867,DST,2900,DET@ARI 09/08/2019 04:25PM ET,DET,6.25
TE,Jace Sternberger (13246503),Jace Sternberger,13246503,TE/FLEX,2800,GB@CHI 09/05/2019 08:20PM ET,GB,0
TE,Ian Thomas (13246505),Ian Thomas,13246505,TE/FLEX,2800,LAR@CAR 09/08/2019 01:00PM ET,CAR,5.08
DST,Chiefs  (13246868),Chiefs ,13246868,DST,2800,KC@JAX 09/08/2019 01:00PM ET,KC,7.83
TE,Cameron Brate (13246507),Cameron Brate,13246507,TE/FLEX,2800,SF@TB 09/08/2019 04:25PM ET,TB,5.87
TE,Matt LaCosse (13246509),Matt LaCosse,13246509,TE/FLEX,2800,PIT@NE 09/08/2019 08:20PM ET,NE,3.67
DST,Steelers  (13246869),Steelers ,13246869,DST,2800,PIT@NE 09/08/2019 08:20PM ET,PIT,7.25
TE,Jordan Thomas (13246511),Jordan Thomas,13246511,TE/FLEX,2800,HOU@NO 09/09/2019 07:10PM ET,HOU,3.85
TE,Jeff Heuerman (13246513),Jeff Heuerman,13246513,TE/FLEX,2800,DEN@OAK 09/09/2019 10:20PM ET,DEN,6.46
TE,Adam Shaheen (13246515),Adam Shaheen,13246515,TE/FLEX,2700,GB@CHI 09/05/2019 08:20PM ET,CHI,3.16
DST,Packers  (13246870),Packers ,13246870,DST,2700,GB@CHI 09/05/2019 08:20PM ET,GB,5.94
TE,Jonnu Smith (13246517),Jonnu Smith,13246517,TE/FLEX,2700,TEN@CLE 09/08/2019 01:00PM ET,TEN,4.91
TE,Ricky Seals-Jones (13246533),Ricky Seals-Jones,13246533,TE/FLEX,2700,TEN@CLE 09/08/2019 01:00PM ET,CLE,4.95
TE,Josh Oliver (13246519),Josh Oliver,13246519,TE/FLEX,2700,KC@JAX 09/08/2019 01:00PM ET,JAX,0
TE,Hayden Hurst (13246521),Hayden Hurst,13246521,TE/FLEX,2700,BAL@MIA 09/08/2019 01:00PM ET,BAL,2.72
TE,Irv Smith Jr. (13246523),Irv Smith Jr.,13246523,TE/FLEX,2700,ATL@MIN 09/08/2019 01:00PM ET,MIN,0
TE,Ryan Griffin (13246525),Ryan Griffin,13246525,TE/FLEX,2700,BUF@NYJ 09/08/2019 01:00PM ET,NYJ,3.74
TE,Vernon Davis (13246527),Vernon Davis,13246527,TE/FLEX,2700,WAS@PHI 09/08/2019 01:00PM ET,WAS,5.41
TE,Nick Vannett (13246529),Nick Vannett,13246529,TE/FLEX,2700,CIN@SEA 09/08/2019 04:05PM ET,SEA,4.71
TE,Charles Clay (13246531),Charles Clay,13246531,TE/FLEX,2700,DET@ARI 09/08/2019 04:25PM ET,ARI,2.95
DST,Cardinals  (13246871),Cardinals ,13246871,DST,2700,DET@ARI 09/08/2019 04:25PM ET,ARI,6.56
TE,Blake Jarwin (13246535),Blake Jarwin,13246535,TE/FLEX,2700,NYG@DAL 09/08/2019 04:25PM ET,DAL,4.83
TE,Stephen Anderson (13246537),Stephen Anderson,13246537,TE/FLEX,2700,PIT@NE 09/08/2019 08:20PM ET,NE,0
TE,Xavier Grimble (13246539),Xavier Grimble,13246539,TE/FLEX,2700,PIT@NE 09/08/2019 08:20PM ET,PIT,0.85
TE,Josh Hill (13246541),Josh Hill,13246541,TE/FLEX,2700,HOU@NO 09/09/2019 07:10PM ET,NO,2.64
TE,Tyler Higbee (13246543),Tyler Higbee,13246543,TE/FLEX,2600,LAR@CAR 09/08/2019 01:00PM ET,LAR,4.35
DST,Titans  (13246872),Titans ,13246872,DST,2600,TEN@CLE 09/08/2019 01:00PM ET,TEN,7.44
TE,Tyler Kroft (13246545),Tyler Kroft,13246545,TE/FLEX,2600,BUF@NYJ 09/08/2019 01:00PM ET,BUF,1.52
DST,Colts  (13246873),Colts ,13246873,DST,2600,IND@LAC 09/08/2019 04:05PM ET,IND,7.89
TE,C.J. Uzomah (13246547),C.J. Uzomah,13246547,TE/FLEX,2600,CIN@SEA 09/08/2019 04:05PM ET,CIN,6.56
TE,Lance Kendricks (13246549),Lance Kendricks,13246549,TE/FLEX,2600,PIT@NE 09/08/2019 08:20PM ET,NE,2.62
TE,Jordan Akins (13246551),Jordan Akins,13246551,TE/FLEX,2600,HOU@NO 09/09/2019 07:10PM ET,HOU,2.49
TE,Kahale Warring (13246553),Kahale Warring,13246553,TE/FLEX,2600,HOU@NO 09/09/2019 07:10PM ET,HOU,0
TE,Foster Moreau (13246555),Foster Moreau,13246555,TE/FLEX,2600,DEN@OAK 09/09/2019 10:20PM ET,OAK,0
TE,Ben Braunecker (13246559),Ben Braunecker,13246559,TE/FLEX,2500,GB@CHI 09/05/2019 08:20PM ET,CHI,0.67
TE,Bradley Sowell (13246561),Bradley Sowell,13246561,TE/FLEX,2500,GB@CHI 09/05/2019 08:20PM ET,CHI,0.42
TE,Ian Bunting (13246563),Ian Bunting,13246563,TE/FLEX,2500,GB@CHI 09/05/2019 08:20PM ET,CHI,0
TE,Dax Raymond (13246565),Dax Raymond,13246565,TE/FLEX,2500,GB@CHI 09/05/2019 08:20PM ET,CHI,0
TE,Ellis Richardson (13246567),Ellis Richardson,13246567,TE/FLEX,2500,GB@CHI 09/05/2019 08:20PM ET,CHI,0
TE,Jesper Horsted (13246569),Jesper Horsted,13246569,TE/FLEX,2500,GB@CHI 09/05/2019 08:20PM ET,CHI,0
TE,Patrick Scales (13246571),Patrick Scales,13246571,TE/FLEX,2500,GB@CHI 09/05/2019 08:20PM ET,CHI,0
TE,Robert Tonyan (13246573),Robert Tonyan,13246573,TE/FLEX,2500,GB@CHI 09/05/2019 08:20PM ET,GB,1.11
TE,Marcedes Lewis (13246575),Marcedes Lewis,13246575,TE/FLEX,2500,GB@CHI 09/05/2019 08:20PM ET,GB,0.43
TE,Evan Baylis (13246577),Evan Baylis,13246577,TE/FLEX,2500,GB@CHI 09/05/2019 08:20PM ET,GB,0
TE,Pharoah McKever (13246579),Pharoah McKever,13246579,TE/FLEX,2500,GB@CHI 09/05/2019 08:20PM ET,GB,0
TE,Johnny Mundt (13246581),Johnny Mundt,13246581,TE/FLEX,2500,LAR@CAR 09/08/2019 01:00PM ET,LAR,0.12
TE,Kendall Blanton (13246583),Kendall Blanton,13246583,TE/FLEX,2500,LAR@CAR 09/08/2019 01:00PM ET,LAR,0
TE,Romello Brooker (13246585),Romello Brooker,13246585,TE/FLEX,2500,LAR@CAR 09/08/2019 01:00PM ET,LAR,0
TE,Keenen Brown (13246587),Keenen Brown,13246587,TE/FLEX,2500,LAR@CAR 09/08/2019 01:00PM ET,LAR,0
TE,Chris Manhertz (13246589),Chris Manhertz,13246589,TE/FLEX,2500,LAR@CAR 09/08/2019 01:00PM ET,CAR,0.82
TE,Jason Vander Laan (13246591),Jason Vander Laan,13246591,TE/FLEX,2500,LAR@CAR 09/08/2019 01:00PM ET,CAR,0
TE,Temarrick Hemingway (13246593),Temarrick Hemingway,13246593,TE/FLEX,2500,LAR@CAR 09/08/2019 01:00PM ET,CAR,0
TE,Cole Hunt (13246595),Cole Hunt,13246595,TE/FLEX,2500,LAR@CAR 09/08/2019 01:00PM ET,CAR,0
TE,Marcus Baugh (13246597),Marcus Baugh,13246597,TE/FLEX,2500,LAR@CAR 09/08/2019 01:00PM ET,CAR,0
TE,Andrew DePaola (13246599),Andrew DePaola,13246599,TE/FLEX,2500,LAR@CAR 09/08/2019 01:00PM ET,CAR,0
TE,Stephen Carlson (13246483),Stephen Carlson,13246483,TE/FLEX,2500,TEN@CLE 09/08/2019 01:00PM ET,CLE,0
TE,Demetrius Harris (13246601),Demetrius Harris,13246601,TE/FLEX,2500,TEN@CLE 09/08/2019 01:00PM ET,CLE,2.8
TE,Pharaoh Brown (13246605),Pharaoh Brown,13246605,TE/FLEX,2500,TEN@CLE 09/08/2019 01:00PM ET,CLE,0
TE,Rico Gathers (13246607),Rico Gathers,13246607,TE/FLEX,2500,TEN@CLE 09/08/2019 01:00PM ET,CLE,0.44
TE,MyCole Pruitt (13246609),MyCole Pruitt,13246609,TE/FLEX,2500,TEN@CLE 09/08/2019 01:00PM ET,TEN,1.68
TE,Anthony Firkser (13246611),Anthony Firkser,13246611,TE/FLEX,2500,TEN@CLE 09/08/2019 01:00PM ET,TEN,3.96
TE,Ryan Hewitt (13246613),Ryan Hewitt,13246613,TE/FLEX,2500,TEN@CLE 09/08/2019 01:00PM ET,TEN,0.51
TE,Parker Hesse (13246615),Parker Hesse,13246615,TE/FLEX,2500,TEN@CLE 09/08/2019 01:00PM ET,TEN,0
TE,Beau Brinkley (13246617),Beau Brinkley,13246617,TE/FLEX,2500,TEN@CLE 09/08/2019 01:00PM ET,TEN,0
TE,Manasseh Garner (13246485),Manasseh Garner,13246485,TE/FLEX,2500,KC@JAX 09/08/2019 01:00PM ET,KC,0
TE,Seth DeValve (13246603),Seth DeValve,13246603,TE/FLEX,2500,KC@JAX 09/08/2019 01:00PM ET,JAX,1.42
TE,Deon Yelder (13246619),Deon Yelder,13246619,TE/FLEX,2500,KC@JAX 09/08/2019 01:00PM ET,KC,0
TE,Blake Bell (13246621),Blake Bell,13246621,TE/FLEX,2500,KC@JAX 09/08/2019 01:00PM ET,KC,1.47
TE,Nick Keizer (13246623),Nick Keizer,13246623,TE/FLEX,2500,KC@JAX 09/08/2019 01:00PM ET,KC,0
TE,James Winchester (13246625),James Winchester,13246625,TE/FLEX,2500,KC@JAX 09/08/2019 01:00PM ET,KC,0
TE,Jody Fortson (13246627),Jody Fortson,13246627,TE/FLEX,2500,KC@JAX 09/08/2019 01:00PM ET,KC,0
TE,James O'Shaughnessy (13246629),James O'Shaughnessy,13246629,TE/FLEX,2500,KC@JAX 09/08/2019 01:00PM ET,JAX,3.24
TE,Ben Koyack (13246631),Ben Koyack,13246631,TE/FLEX,2500,KC@JAX 09/08/2019 01:00PM ET,JAX,0
TE,Donnie Ernsberger (13246633),Donnie Ernsberger,13246633,TE/FLEX,2500,KC@JAX 09/08/2019 01:00PM ET,JAX,0
TE,Charles Jones (13246635),Charles Jones,13246635,TE/FLEX,2500,KC@JAX 09/08/2019 01:00PM ET,JAX,0
TE,Carson Meier (13246637),Carson Meier,13246637,TE/FLEX,2500,KC@JAX 09/08/2019 01:00PM ET,JAX,0
TE,Ethan Wolf (13246639),Ethan Wolf,13246639,TE/FLEX,2500,KC@JAX 09/08/2019 01:00PM ET,JAX,0
TE,Matt Orzech (13246655),Matt Orzech,13246655,TE/FLEX,2500,KC@JAX 09/08/2019 01:00PM ET,JAX,0
TE,Nick O'Leary (13246641),Nick O'Leary,13246641,TE/FLEX,2500,BAL@MIA 09/08/2019 01:00PM ET,MIA,1.88
TE,Durham Smythe (13246643),Durham Smythe,13246643,TE/FLEX,2500,BAL@MIA 09/08/2019 01:00PM ET,MIA,0.73
TE,Dwayne Allen (13246645),Dwayne Allen,13246645,TE/FLEX,2500,BAL@MIA 09/08/2019 01:00PM ET,MIA,0.36
TE,Chris Myarick (13246647),Chris Myarick,13246647,TE/FLEX,2500,BAL@MIA 09/08/2019 01:00PM ET,MIA,0
TE,Nick Boyle (13246649),Nick Boyle,13246649,TE/FLEX,2500,BAL@MIA 09/08/2019 01:00PM ET,BAL,2.61
TE,Charles Scarff (13246651),Charles Scarff,13246651,TE/FLEX,2500,BAL@MIA 09/08/2019 01:00PM ET,BAL,0
TE,Cole Herdman (13246653),Cole Herdman,13246653,TE/FLEX,2500,BAL@MIA 09/08/2019 01:00PM ET,BAL,0
TE,Luke Stocker (13246657),Luke Stocker,13246657,TE/FLEX,2500,ATL@MIN 09/08/2019 01:00PM ET,ATL,2.72
TE,Jaeden Graham (13246661),Jaeden Graham,13246661,TE/FLEX,2500,ATL@MIN 09/08/2019 01:00PM ET,ATL,0
TE,Alex Gray (13246663),Alex Gray,13246663,TE/FLEX,2500,ATL@MIN 09/08/2019 01:00PM ET,ATL,0
TE,Thomas Duarte (13246665),Thomas Duarte,13246665,TE/FLEX,2500,ATL@MIN 09/08/2019 01:00PM ET,ATL,0
TE,Tyler Conklin (13246667),Tyler Conklin,13246667,TE/FLEX,2500,ATL@MIN 09/08/2019 01:00PM ET,MIN,0.79
TE,David Morgan (13246669),David Morgan,13246669,TE/FLEX,2500,ATL@MIN 09/08/2019 01:00PM ET,MIN,0.78
TE,Cole Hikutini (13246671),Cole Hikutini,13246671,TE/FLEX,2500,ATL@MIN 09/08/2019 01:00PM ET,MIN,0
TE,Brandon Dillon (13246673),Brandon Dillon,13246673,TE/FLEX,2500,ATL@MIN 09/08/2019 01:00PM ET,MIN,0
TE,Dawson Knox (13246675),Dawson Knox,13246675,TE/FLEX,2500,BUF@NYJ 09/08/2019 01:00PM ET,BUF,0
TE,Lee Smith (13246677),Lee Smith,13246677,TE/FLEX,2500,BUF@NYJ 09/08/2019 01:00PM ET,BUF,2.21
TE,Jason Croom (13246679),Jason Croom,13246679,TE/FLEX,2500,BUF@NYJ 09/08/2019 01:00PM ET,BUF,3.86
TE,Tommy Sweeney (13246681),Tommy Sweeney,13246681,TE/FLEX,2500,BUF@NYJ 09/08/2019 01:00PM ET,BUF,0
TE,Nate Becker (13246683),Nate Becker,13246683,TE/FLEX,2500,BUF@NYJ 09/08/2019 01:00PM ET,BUF,0
TE,Kyle Carter (13246685),Kyle Carter,13246685,TE/FLEX,2500,BUF@NYJ 09/08/2019 01:00PM ET,BUF,0
TE,Keith Towbridge (13246687),Keith Towbridge,13246687,TE/FLEX,2500,BUF@NYJ 09/08/2019 01:00PM ET,BUF,0
TE,Chris Herndon (13246689),Chris Herndon,13246689,TE/FLEX,2500,BUF@NYJ 09/08/2019 01:00PM ET,NYJ,7.08
TE,Daniel Brown (13246691),Daniel Brown,13246691,TE/FLEX,2500,BUF@NYJ 09/08/2019 01:00PM ET,NYJ,0
TE,Trevon Wesco (13246695),Trevon Wesco,13246695,TE/FLEX,2500,BUF@NYJ 09/08/2019 01:00PM ET,NYJ,0
TE,Richard Rodgers (13246697),Richard Rodgers,13246697,TE/FLEX,2500,WAS@PHI 09/08/2019 01:00PM ET,PHI,0.19
TE,Joshua Perkins (13246699),Joshua Perkins,13246699,TE/FLEX,2500,WAS@PHI 09/08/2019 01:00PM ET,PHI,1.3
TE,Will Tye (13246701),Will Tye,13246701,TE/FLEX,2500,WAS@PHI 09/08/2019 01:00PM ET,PHI,0
TE,Alex Ellis (13246703),Alex Ellis,13246703,TE/FLEX,2500,WAS@PHI 09/08/2019 01:00PM ET,PHI,0
TE,Jeremy Sprinkle (13246705),Jeremy Sprinkle,13246705,TE/FLEX,2500,WAS@PHI 09/08/2019 01:00PM ET,WAS,0.94
TE,Matt Flanagan (13246707),Matt Flanagan,13246707,TE/FLEX,2500,WAS@PHI 09/08/2019 01:00PM ET,WAS,0.8
TE,J.P. Holtz (13246709),J.P. Holtz,13246709,TE/FLEX,2500,WAS@PHI 09/08/2019 01:00PM ET,WAS,0
TE,Donald Parham Jr. (13246711),Donald Parham Jr.,13246711,TE/FLEX,2500,WAS@PHI 09/08/2019 01:00PM ET,WAS,0
DST,Redskins  (13246874),Redskins ,13246874,DST,2500,WAS@PHI 09/08/2019 01:00PM ET,WAS,7.5
TE,Mo Alie-Cox (13246713),Mo Alie-Cox,13246713,TE/FLEX,2500,IND@LAC 09/08/2019 04:05PM ET,IND,2.94
TE,Ross Travis (13246715),Ross Travis,13246715,TE/FLEX,2500,IND@LAC 09/08/2019 04:05PM ET,IND,0
TE,Gabe Holmes (13246717),Gabe Holmes,13246717,TE/FLEX,2500,IND@LAC 09/08/2019 04:05PM ET,IND,0
TE,Hale Hentges (13246719),Hale Hentges,13246719,TE/FLEX,2500,IND@LAC 09/08/2019 04:05PM ET,IND,0
TE,Virgil Green (13246721),Virgil Green,13246721,TE/FLEX,2500,IND@LAC 09/08/2019 04:05PM ET,LAC,2.99
TE,Sean Culkin (13246723),Sean Culkin,13246723,TE/FLEX,2500,IND@LAC 09/08/2019 04:05PM ET,LAC,0.24
TE,Vince Mayle (13246725),Vince Mayle,13246725,TE/FLEX,2500,IND@LAC 09/08/2019 04:05PM ET,LAC,0
TE,Matt Sokol (13246727),Matt Sokol,13246727,TE/FLEX,2500,IND@LAC 09/08/2019 04:05PM ET,LAC,0
TE,Ben Johnson (13246729),Ben Johnson,13246729,TE/FLEX,2500,IND@LAC 09/08/2019 04:05PM ET,LAC,0
TE,Jordan Franks (13246731),Jordan Franks,13246731,TE/FLEX,2500,CIN@SEA 09/08/2019 04:05PM ET,CIN,0.95
TE,Drew Sample (13246733),Drew Sample,13246733,TE/FLEX,2500,CIN@SEA 09/08/2019 04:05PM ET,CIN,0
TE,Cethan Carter (13246735),Cethan Carter,13246735,TE/FLEX,2500,CIN@SEA 09/08/2019 04:05PM ET,CIN,0
TE,Moritz Boehringer (13246737),Moritz Boehringer,13246737,TE/FLEX,2500,CIN@SEA 09/08/2019 04:05PM ET,CIN,0
TE,Mason Schreck (13246739),Mason Schreck,13246739,TE/FLEX,2500,CIN@SEA 09/08/2019 04:05PM ET,CIN,0
TE,Clark Harris (13246741),Clark Harris,13246741,TE/FLEX,2500,CIN@SEA 09/08/2019 04:05PM ET,CIN,0
TE,Dan Godsil (13246743),Dan Godsil,13246743,TE/FLEX,2500,CIN@SEA 09/08/2019 04:05PM ET,CIN,0
TE,Ed Dickson (13246745),Ed Dickson,13246745,TE/FLEX,2500,CIN@SEA 09/08/2019 04:05PM ET,SEA,4.86
TE,Jacob Hollister (13246747),Jacob Hollister,13246747,TE/FLEX,2500,CIN@SEA 09/08/2019 04:05PM ET,SEA,1.15
TE,Wes Saxton (13246749),Wes Saxton,13246749,TE/FLEX,2500,CIN@SEA 09/08/2019 04:05PM ET,SEA,0
TE,Jackson Harris (13246751),Jackson Harris,13246751,TE/FLEX,2500,CIN@SEA 09/08/2019 04:05PM ET,SEA,0
TE,Tyler Ott (13246753),Tyler Ott,13246753,TE/FLEX,2500,CIN@SEA 09/08/2019 04:05PM ET,SEA,0
TE,Jesse James (13246755),Jesse James,13246755,TE/FLEX,2500,DET@ARI 09/08/2019 04:25PM ET,DET,5.46
TE,Logan Thomas (13246757),Logan Thomas,13246757,TE/FLEX,2500,DET@ARI 09/08/2019 04:25PM ET,DET,1.69
TE,Isaac Nauta (13246759),Isaac Nauta,13246759,TE/FLEX,2500,DET@ARI 09/08/2019 04:25PM ET,DET,0
TE,Jerome Cunningham (13246761),Jerome Cunningham,13246761,TE/FLEX,2500,DET@ARI 09/08/2019 04:25PM ET,DET,0
TE,Austin Traylor (13246763),Austin Traylor,13246763,TE/FLEX,2500,DET@ARI 09/08/2019 04:25PM ET,DET,0
TE,Maxx Williams (13246765),Maxx Williams,13246765,TE/FLEX,2500,DET@ARI 09/08/2019 04:25PM ET,ARI,2.78
TE,Darrell Daniels (13246767),Darrell Daniels,13246767,TE/FLEX,2500,DET@ARI 09/08/2019 04:25PM ET,ARI,0
TE,Caleb Wilson (13246769),Caleb Wilson,13246769,TE/FLEX,2500,DET@ARI 09/08/2019 04:25PM ET,ARI,0
TE,Drew Belcher (13246771),Drew Belcher,13246771,TE/FLEX,2500,DET@ARI 09/08/2019 04:25PM ET,ARI,0
TE,Eric Tomlinson (13246693),Eric Tomlinson,13246693,TE/FLEX,2500,NYG@DAL 09/08/2019 04:25PM ET,NYG,1.01
TE,Dalton Schultz (13246773),Dalton Schultz,13246773,TE/FLEX,2500,NYG@DAL 09/08/2019 04:25PM ET,DAL,2.05
TE,Codey McElroy (13246775),Codey McElroy,13246775,TE/FLEX,2500,NYG@DAL 09/08/2019 04:25PM ET,DAL,0
TE,Marcus Lucas (13246777),Marcus Lucas,13246777,TE/FLEX,2500,NYG@DAL 09/08/2019 04:25PM ET,DAL,0
TE,Rhett Ellison (13246779),Rhett Ellison,13246779,TE/FLEX,2500,NYG@DAL 09/08/2019 04:25PM ET,NYG,4.3
TE,Scott Simonson (13246781),Scott Simonson,13246781,TE/FLEX,2500,NYG@DAL 09/08/2019 04:25PM ET,NYG,1.48
TE,Garrett Dickerson (13246783),Garrett Dickerson,13246783,TE/FLEX,2500,NYG@DAL 09/08/2019 04:25PM ET,NYG,0
TE,C.J. Conrad (13246785),C.J. Conrad,13246785,TE/FLEX,2500,NYG@DAL 09/08/2019 04:25PM ET,NYG,0
TE,Jake Powell (13246787),Jake Powell,13246787,TE/FLEX,2500,NYG@DAL 09/08/2019 04:25PM ET,NYG,0
TE,Ross Dwelley (13246789),Ross Dwelley,13246789,TE/FLEX,2500,SF@TB 09/08/2019 04:25PM ET,SF,0.31
TE,Kaden Smith (13246791),Kaden Smith,13246791,TE/FLEX,2500,SF@TB 09/08/2019 04:25PM ET,SF,0
TE,Levine Toilolo (13246793),Levine Toilolo,13246793,TE/FLEX,2500,SF@TB 09/08/2019 04:25PM ET,SF,3.33
TE,Garrett Celek (13246795),Garrett Celek,13246795,TE/FLEX,2500,SF@TB 09/08/2019 04:25PM ET,SF,1.73
TE,Tyree Mayfield (13246797),Tyree Mayfield,13246797,TE/FLEX,2500,SF@TB 09/08/2019 04:25PM ET,SF,0
TE,Daniel Helm (13246799),Daniel Helm,13246799,TE/FLEX,2500,SF@TB 09/08/2019 04:25PM ET,SF,0
TE,Kyle Nelson (13246801),Kyle Nelson,13246801,TE/FLEX,2500,SF@TB 09/08/2019 04:25PM ET,SF,0
TE,Antony Auclair (13246803),Antony Auclair,13246803,TE/FLEX,2500,SF@TB 09/08/2019 04:25PM ET,TB,0.74
TE,Tanner Hudson (13246805),Tanner Hudson,13246805,TE/FLEX,2500,SF@TB 09/08/2019 04:25PM ET,TB,0
TE,Jordan Leggett (13246807),Jordan Leggett,13246807,TE/FLEX,2500,SF@TB 09/08/2019 04:25PM ET,TB,2.09
TE,Scott Orndoff (13246809),Scott Orndoff,13246809,TE/FLEX,2500,SF@TB 09/08/2019 04:25PM ET,TB,0
TE,Eric Saubert (13246811),Eric Saubert,13246811,TE/FLEX,2500,PIT@NE 09/08/2019 08:20PM ET,NE,0.61
TE,Ryan Izzo (13246813),Ryan Izzo,13246813,TE/FLEX,2500,PIT@NE 09/08/2019 08:20PM ET,NE,0
TE,Christian Scotland-Williamson (13246817),Christian Scotland-Williamson,13246817,TE/FLEX,2500,PIT@NE 09/08/2019 08:20PM ET,PIT,0
TE,Kevin Rader (13246819),Kevin Rader,13246819,TE/FLEX,2500,PIT@NE 09/08/2019 08:20PM ET,PIT,0
TE,Zach Gentry (13246821),Zach Gentry,13246821,TE/FLEX,2500,PIT@NE 09/08/2019 08:20PM ET,PIT,0
TE,Trevor Wood (13246823),Trevor Wood,13246823,TE/FLEX,2500,PIT@NE 09/08/2019 08:20PM ET,PIT,0
TE,Micky Crum (13246825),Micky Crum,13246825,TE/FLEX,2500,PIT@NE 09/08/2019 08:20PM ET,PIT,0
TE,Logan Paulsen (13246659),Logan Paulsen,13246659,TE/FLEX,2500,HOU@NO 09/09/2019 07:10PM ET,HOU,1.61
TE,Darren Fells (13246827),Darren Fells,13246827,TE/FLEX,2500,HOU@NO 09/09/2019 07:10PM ET,HOU,2.54
TE,Jerell Adams (13246829),Jerell Adams,13246829,TE/FLEX,2500,HOU@NO 09/09/2019 07:10PM ET,HOU,0
TE,Dan Arnold (13246831),Dan Arnold,13246831,TE/FLEX,2500,HOU@NO 09/09/2019 07:10PM ET,NO,3
TE,Alize Mack (13246833),Alize Mack,13246833,TE/FLEX,2500,HOU@NO 09/09/2019 07:10PM ET,NO,0
TE,A.J. Derby (13246835),A.J. Derby,13246835,TE/FLEX,2500,HOU@NO 09/09/2019 07:10PM ET,NO,3.45
TE,Shane Smith (13246837),Shane Smith,13246837,TE/FLEX,2500,HOU@NO 09/09/2019 07:10PM ET,NO,0
DST,Texans  (13246875),Texans ,13246875,DST,2500,HOU@NO 09/09/2019 07:10PM ET,HOU,8.82
TE,Orson Charles (13246557),Orson Charles,13246557,TE/FLEX,2500,DEN@OAK 09/09/2019 10:20PM ET,DEN,0.41
TE,Andrew Beck (13246815),Andrew Beck,13246815,TE/FLEX,2500,DEN@OAK 09/09/2019 10:20PM ET,DEN,0
TE,Troy Fumagalli (13246839),Troy Fumagalli,13246839,TE/FLEX,2500,DEN@OAK 09/09/2019 10:20PM ET,DEN,0
TE,Jake Butt (13246841),Jake Butt,13246841,TE/FLEX,2500,DEN@OAK 09/09/2019 10:20PM ET,DEN,5.5
TE,Moral Stephens (13246843),Moral Stephens,13246843,TE/FLEX,2500,DEN@OAK 09/09/2019 10:20PM ET,DEN,0
TE,Derek Carrier (13246845),Derek Carrier,13246845,TE/FLEX,2500,DEN@OAK 09/09/2019 10:20PM ET,OAK,1.23
TE,Luke Willson (13246847),Luke Willson,13246847,TE/FLEX,2500,DEN@OAK 09/09/2019 10:20PM ET,OAK,1.55
TE,Paul Butler (13246849),Paul Butler,13246849,TE/FLEX,2500,DEN@OAK 09/09/2019 10:20PM ET,OAK,0
TE,Brandon Barnes (13246851),Brandon Barnes,13246851,TE/FLEX,2500,DEN@OAK 09/09/2019 10:20PM ET,OAK,0
DST,Falcons  (13246876),Falcons ,13246876,DST,2400,ATL@MIN 09/08/2019 01:00PM ET,ATL,5.06
DST,Jaguars  (13246877),Jaguars ,13246877,DST,2300,KC@JAX 09/08/2019 01:00PM ET,JAX,7.19
DST,Giants  (13246878),Giants ,13246878,DST,2300,NYG@DAL 09/08/2019 04:25PM ET,NYG,5.19
DST,49ers  (13246879),49ers ,13246879,DST,2200,SF@TB 09/08/2019 04:25PM ET,SF,3.62
DST,Buccaneers  (13246880),Buccaneers ,13246880,DST,2200,SF@TB 09/08/2019 04:25PM ET,TB,4.25
DST,Raiders  (13246881),Raiders ,13246881,DST,2200,DEN@OAK 09/09/2019 10:20PM ET,OAK,2.94
DST,Panthers  (13246882),Panthers ,13246882,DST,2100,LAR@CAR 09/08/2019 01:00PM ET,CAR,5.75
DST,Dolphins  (13246883),Dolphins ,13246883,DST,2100,BAL@MIA 09/08/2019 01:00PM ET,MIA,7.5
DST,Bengals  (13246884),Bengals ,13246884,DST,2000,CIN@SEA 09/08/2019 04:05PM ET,CIN,5.38
